timestamp,symbol,decision,reason_code,signal,reason,entry_price,stop_loss,take_profit,quantity,risk_dollars,notional_value
2026-01-02T09:30:00,AAPL,REJECTED,NO_SIGNAL,NONE,"Not enough candles",100.025,0,0,0,0,0
2026-01-02T09:30:10,AAPL,REJECTED,NO_SIGNAL,NONE,"Not enough candles",100.064,0,0,0,0,0
2026-01-02T09:30:20,AAPL,REJECTED,NO_SIGNAL,NONE,"Not enough candles",100.139,0,0,0,0,0
2026-01-02T09:30:30,AAPL,REJECTED,NO_SIGNAL,NONE,"Not enough candles",100.135,0,0,0,0,0
2026-01-02T09:30:40,AAPL,REJECTED,NO_SIGNAL,NONE,"Not enough candles",100.143,0,0,0,0,0
2026-01-02T09:30:50,AAPL,REJECTED,NO_SIGNAL,NONE,"Not enough candles",100.21,0,0,0,0,0
2026-01-02T09:31:00,AAPL,REJECTED,NO_SIGNAL,NONE,"Not enough candles",100.145,0,0,0,0,0
2026-01-02T09:31:10,AAPL,REJECTED,NO_SIGNAL,NONE,"Not enough candles",100.124,0,0,0,0,0
2026-01-02T09:31:20,AAPL,REJECTED,NO_SIGNAL,NONE,"Not enough candles",100.101,0,0,0,0,0
2026-01-02T09:31:30,AAPL,REJECTED,NO_SIGNAL,NONE,"Not enough candles",100.136,0,0,0,0,0
2026-01-02T09:31:40,AAPL,REJECTED,NO_SIGNAL,NONE,"Not enough candles",100.095,0,0,0,0,0
2026-01-02T09:31:50,AAPL,REJECTED,NO_SIGNAL,NONE,"Not enough candles",100.091,0,0,0,0,0
2026-01-02T09:32:00,AAPL,REJECTED,NO_SIGNAL,NONE,"No confirmed momentum setup",100.102,0,0,0,0,0
2026-01-02T09:32:10,AAPL,REJECTED,NO_SIGNAL,NONE,"No confirmed momentum setup",100.054,0,0,0,0,0
2026-01-02T09:32:20,AAPL,REJECTED,NO_SIGNAL,NONE,"No confirmed momentum setup",100.094,0,0,0,0,0
2026-01-02T09:32:30,AAPL,REJECTED,NO_SIGNAL,NONE,"No confirmed momentum setup",100.055,0,0,0,0,0
2026-01-02T09:32:40,AAPL,REJECTED,NO_SIGNAL,NONE,"No confirmed momentum setup",100.03,0,0,0,0,0
2026-01-02T09:32:50,AAPL,REJECTED,NO_SIGNAL,NONE,"No confirmed momentum setup",100.045,0,0,0,0,0
2026-01-02T09:33:00,AAPL,REJECTED,NO_SIGNAL,NONE,"No confirmed momentum setup",99.9979,0,0,0,0,0
2026-01-02T09:33:10,AAPL,REJECTED,NO_SIGNAL,NONE,"No confirmed momentum setup",100,0,0,0,0,0
2026-01-02T09:33:20,AAPL,REJECTED,NO_SIGNAL,NONE,"No confirmed momentum setup",100.035,0,0,0,0,0
2026-01-02T09:33:30,AAPL,REJECTED,NO_SIGNAL,NONE,"No confirmed momentum setup",100.064,0,0,0,0,0
2026-01-02T09:33:40,AAPL,REJECTED,NO_SIGNAL,NONE,"No confirmed momentum setup",100.045,0,0,0,0,0
2026-01-02T09:33:50,AAPL,REJECTED,NO_SIGNAL,NONE,"No confirmed momentum setup",100.115,0,0,0,0,0
2026-01-02T09:34:00,AAPL,REJECTED,NO_SIGNAL,NONE,"No confirmed momentum setup",100.264,0,0,0,0,0
2026-01-02T09:34:10,AAPL,REJECTED,NO_SIGNAL,NONE,"No confirmed momentum setup",100.264,0,0,0,0,0
2026-01-02T09:34:20,AAPL,REJECTED,NO_SIGNAL,NONE,"No confirmed momentum setup",100.209,0,0,0,0,0
2026-01-02T09:34:30,AAPL,REJECTED,NO_SIGNAL,NONE,"No confirmed momentum setup",100.086,0,0,0,0,0
2026-01-02T09:34:40,AAPL,REJECTED,NO_SIGNAL,NONE,"No confirmed momentum setup",100.037,0,0,0,0,0
2026-01-02T09:34:50,AAPL,REJECTED,NO_SIGNAL,NONE,"No confirmed momentum setup",100.058,0,0,0,0,0
2026-01-02T09:35:00,AAPL,REJECTED,NO_SIGNAL,NONE,"No confirmed momentum setup",100.063,0,0,0,0,0
2026-01-02T09:35:10,AAPL,REJECTED,NO_SIGNAL,NONE,"No confirmed momentum setup",100.067,0,0,0,0,0
2026-01-02T09:35:20,AAPL,REJECTED,NO_SIGNAL,NONE,"No confirmed momentum setup",100.098,0,0,0,0,0
2026-01-02T09:35:30,AAPL,REJECTED,NO_SIGNAL,NONE,"No confirmed momentum setup",100.055,0,0,0,0,0
2026-01-02T09:35:40,AAPL,REJECTED,NO_SIGNAL,NONE,"No confirmed momentum setup",99.9981,0,0,0,0,0
2026-01-02T09:35:50,AAPL,REJECTED,NO_SIGNAL,NONE,"No confirmed momentum setup",99.9881,0,0,0,0,0
2026-01-02T09:36:00,AAPL,REJECTED,NO_SIGNAL,NONE,"No confirmed momentum setup",99.9778,0,0,0,0,0
2026-01-02T09:36:10,AAPL,REJECTED,NO_SIGNAL,NONE,"No confirmed momentum setup",100.026,0,0,0,0,0
2026-01-02T09:36:20,AAPL,REJECTED,NO_SIGNAL,NONE,"No confirmed momentum setup",99.9871,0,0,0,0,0
2026-01-02T09:36:30,AAPL,REJECTED,NO_SIGNAL,NONE,"No confirmed momentum setup",99.9656,0,0,0,0,0
2026-01-02T09:36:40,AAPL,REJECTED,NO_SIGNAL,NONE,"No confirmed momentum setup",100.034,0,0,0,0,0
2026-01-02T09:36:50,AAPL,REJECTED,NO_SIGNAL,NONE,"No confirmed momentum setup",100.078,0,0,0,0,0
2026-01-02T09:37:00,AAPL,REJECTED,NO_SIGNAL,NONE,"No confirmed momentum setup",100.098,0,0,0,0,0
2026-01-02T09:37:10,AAPL,REJECTED,NO_SIGNAL,NONE,"No confirmed momentum setup",100.132,0,0,0,0,0
2026-01-02T09:37:20,AAPL,REJECTED,NO_SIGNAL,NONE,"No confirmed momentum setup",100.112,0,0,0,0,0
2026-01-02T09:37:30,AAPL,REJECTED,NO_SIGNAL,NONE,"No confirmed momentum setup",100.117,0,0,0,0,0
2026-01-02T09:37:40,AAPL,REJECTED,NO_SIGNAL,NONE,"No confirmed momentum setup",100.132,0,0,0,0,0
2026-01-02T09:37:50,AAPL,REJECTED,NO_SIGNAL,NONE,"No confirmed momentum setup",100.156,0,0,0,0,0
2026-01-02T09:38:00,AAPL,REJECTED,NO_SIGNAL,NONE,"No confirmed momentum setup",100.208,0,0,0,0,0
2026-01-02T09:38:10,AAPL,REJECTED,NO_SIGNAL,NONE,"No confirmed momentum setup",100.195,0,0,0,0,0
2026-01-02T09:38:20,AAPL,REJECTED,NO_SIGNAL,NONE,"No confirmed momentum setup",100.225,0,0,0,0,0
2026-01-02T09:38:30,AAPL,REJECTED,NO_SIGNAL,NONE,"No confirmed momentum setup",100.187,0,0,0,0,0
2026-01-02T09:38:40,AAPL,REJECTED,NO_SIGNAL,NONE,"No confirmed momentum setup",100.195,0,0,0,0,0
2026-01-02T09:38:50,AAPL,REJECTED,NO_SIGNAL,NONE,"No confirmed momentum setup",100.27,0,0,0,0,0
2026-01-02T09:39:00,AAPL,REJECTED,NO_SIGNAL,NONE,"No confirmed momentum setup",100.254,0,0,0,0,0
2026-01-02T09:39:10,AAPL,REJECTED,NO_SIGNAL,NONE,"No confirmed momentum setup",100.3,0,0,0,0,0
2026-01-02T09:39:20,AAPL,REJECTED,NO_SIGNAL,NONE,"No confirmed momentum setup",100.303,0,0,0,0,0
2026-01-02T09:39:30,AAPL,REJECTED,NO_SIGNAL,NONE,"No confirmed momentum setup",100.279,0,0,0,0,0
2026-01-02T09:39:40,AAPL,REJECTED,NO_SIGNAL,NONE,"No confirmed momentum setup",100.211,0,0,0,0,0
2026-01-02T09:39:50,AAPL,REJECTED,NO_SIGNAL,NONE,"No confirmed momentum setup",100.235,0,0,0,0,0
2026-01-02T09:40:00,AAPL,REJECTED,NO_SIGNAL,NONE,"No confirmed momentum setup",100.276,0,0,0,0,0
2026-01-02T09:40:10,AAPL,REJECTED,NO_SIGNAL,NONE,"No confirmed momentum setup",100.205,0,0,0,0,0
2026-01-02T09:40:20,AAPL,REJECTED,NO_SIGNAL,NONE,"No confirmed momentum setup",100.21,0,0,0,0,0
2026-01-02T09:40:30,AAPL,REJECTED,NO_SIGNAL,NONE,"No confirmed momentum setup",100.184,0,0,0,0,0
2026-01-02T09:40:40,AAPL,REJECTED,NO_SIGNAL,NONE,"No confirmed momentum setup",100.153,0,0,0,0,0
2026-01-02T09:40:50,AAPL,REJECTED,NO_SIGNAL,NONE,"No confirmed momentum setup",100.157,0,0,0,0,0
2026-01-02T09:41:00,AAPL,REJECTED,NO_SIGNAL,NONE,"No confirmed momentum setup",100.223,0,0,0,0,0
2026-01-02T09:41:10,AAPL,REJECTED,NO_SIGNAL,NONE,"No confirmed momentum setup",100.257,0,0,0,0,0
2026-01-02T09:41:20,AAPL,REJECTED,NO_SIGNAL,NONE,"No confirmed momentum setup",100.312,0,0,0,0,0
2026-01-02T09:41:30,AAPL,ACCEPTED,TRADE_ACCEPTED,LONG,"Accepted: Bullish momentum with MA, volume, and volatility confirmation",100.458,99.8553,101.262,24,14.466,2410.99
2026-01-02T09:41:40,AAPL,REJECTED,NO_SIGNAL,NONE,"No confirmed momentum setup",100.363,0,0,0,0,0
2026-01-02T09:41:50,AAPL,REJECTED,NO_SIGNAL,NONE,"No confirmed momentum setup",100.431,0,0,0,0,0
2026-01-02T09:42:00,AAPL,REJECTED,NO_SIGNAL,NONE,"No confirmed momentum setup",100.438,0,0,0,0,0
2026-01-02T09:42:10,AAPL,REJECTED,NO_SIGNAL,NONE,"No confirmed momentum setup",100.438,0,0,0,0,0
2026-01-02T09:42:20,AAPL,REJECTED,NO_SIGNAL,NONE,"No confirmed momentum setup",100.504,0,0,0,0,0
2026-01-02T09:42:30,AAPL,REJECTED,NO_SIGNAL,NONE,"No confirmed momentum setup",100.449,0,0,0,0,0
2026-01-02T09:42:40,AAPL,REJECTED,NO_SIGNAL,NONE,"No confirmed momentum setup",100.465,0,0,0,0,0
2026-01-02T09:42:50,AAPL,REJECTED,NO_SIGNAL,NONE,"No confirmed momentum setup",100.477,0,0,0,0,0
2026-01-02T09:43:00,AAPL,REJECTED,NO_SIGNAL,NONE,"No confirmed momentum setup",100.485,0,0,0,0,0
2026-01-02T09:43:10,AAPL,REJECTED,NO_SIGNAL,NONE,"No confirmed momentum setup",100.532,0,0,0,0,0
2026-01-02T09:43:20,AAPL,REJECTED,NO_SIGNAL,NONE,"No confirmed momentum setup",100.561,0,0,0,0,0
2026-01-02T09:43:30,AAPL,REJECTED,NO_SIGNAL,NONE,"No confirmed momentum setup",100.588,0,0,0,0,0
2026-01-02T09:43:40,AAPL,REJECTED,NO_SIGNAL,NONE,"No confirmed momentum setup",100.585,0,0,0,0,0
2026-01-02T09:43:50,AAPL,REJECTED,NO_SIGNAL,NONE,"No confirmed momentum setup",100.64,0,0,0,0,0
2026-01-02T09:44:00,AAPL,REJECTED,NO_SIGNAL,NONE,"No confirmed momentum setup",100.649,0,0,0,0,0
2026-01-02T09:44:10,AAPL,REJECTED,NO_SIGNAL,NONE,"No confirmed momentum setup",100.627,0,0,0,0,0
2026-01-02T09:44:20,AAPL,REJECTED,NO_SIGNAL,NONE,"No confirmed momentum setup",100.599,0,0,0,0,0
2026-01-02T09:44:30,AAPL,REJECTED,NO_SIGNAL,NONE,"No confirmed momentum setup",100.578,0,0,0,0,0
2026-01-02T09:44:40,AAPL,REJECTED,NO_SIGNAL,NONE,"No confirmed momentum setup",100.594,0,0,0,0,0
2026-01-02T09:44:50,AAPL,REJECTED,NO_SIGNAL,NONE,"No confirmed momentum setup",100.569,0,0,0,0,0
2026-01-02T09:45:00,AAPL,REJECTED,NO_SIGNAL,NONE,"No confirmed momentum setup",100.541,0,0,0,0,0
2026-01-02T09:45:10,AAPL,REJECTED,NO_SIGNAL,NONE,"No confirmed momentum setup",100.594,0,0,0,0,0
2026-01-02T09:45:20,AAPL,REJECTED,NO_SIGNAL,NONE,"No confirmed momentum setup",100.586,0,0,0,0,0
2026-01-02T09:45:30,AAPL,REJECTED,NO_SIGNAL,NONE,"No confirmed momentum setup",100.578,0,0,0,0,0
2026-01-02T09:45:40,AAPL,REJECTED,NO_SIGNAL,NONE,"No confirmed momentum setup",100.531,0,0,0,0,0
2026-01-02T09:45:50,AAPL,REJECTED,NO_SIGNAL,NONE,"No confirmed momentum setup",100.485,0,0,0,0,0
2026-01-02T09:46:00,AAPL,REJECTED,NO_SIGNAL,NONE,"No confirmed momentum setup",100.521,0,0,0,0,0
2026-01-02T09:46:10,AAPL,REJECTED,NO_SIGNAL,NONE,"No confirmed momentum setup",100.471,0,0,0,0,0
2026-01-02T09:46:20,AAPL,REJECTED,NO_SIGNAL,NONE,"No confirmed momentum setup",100.449,0,0,0,0,0
2026-01-02T09:46:30,AAPL,REJECTED,NO_SIGNAL,NONE,"No confirmed momentum setup",100.444,0,0,0,0,0
2026-01-02T09:46:40,AAPL,REJECTED,NO_SIGNAL,NONE,"No confirmed momentum setup",100.398,0,0,0,0,0
2026-01-02T09:46:50,AAPL,REJECTED,NO_SIGNAL,NONE,"No confirmed momentum setup",100.518,0,0,0,0,0
2026-01-02T09:47:00,AAPL,REJECTED,NO_SIGNAL,NONE,"No confirmed momentum setup",100.525,0,0,0,0,0
2026-01-02T09:47:10,AAPL,REJECTED,NO_SIGNAL,NONE,"No confirmed momentum setup",100.476,0,0,0,0,0
2026-01-02T09:47:20,AAPL,REJECTED,NO_SIGNAL,NONE,"No confirmed momentum setup",100.442,0,0,0,0,0
2026-01-02T09:47:30,AAPL,REJECTED,NO_SIGNAL,NONE,"No confirmed momentum setup",100.442,0,0,0,0,0
2026-01-02T09:47:40,AAPL,REJECTED,NO_SIGNAL,NONE,"No confirmed momentum setup",100.47,0,0,0,0,0
2026-01-02T09:47:50,AAPL,REJECTED,NO_SIGNAL,NONE,"No confirmed momentum setup",100.505,0,0,0,0,0
2026-01-02T09:48:00,AAPL,REJECTED,NO_SIGNAL,NONE,"No confirmed momentum setup",100.492,0,0,0,0,0
2026-01-02T09:48:10,AAPL,REJECTED,NO_SIGNAL,NONE,"No confirmed momentum setup",100.444,0,0,0,0,0
2026-01-02T09:48:20,AAPL,REJECTED,NO_SIGNAL,NONE,"No confirmed momentum setup",100.442,0,0,0,0,0
2026-01-02T09:48:30,AAPL,REJECTED,NO_SIGNAL,NONE,"No confirmed momentum setup",100.398,0,0,0,0,0
2026-01-02T09:48:40,AAPL,REJECTED,NO_SIGNAL,NONE,"No confirmed momentum setup",100.377,0,0,0,0,0
2026-01-02T09:48:50,AAPL,REJECTED,NO_SIGNAL,NONE,"No confirmed momentum setup",100.35,0,0,0,0,0
2026-01-02T09:49:00,AAPL,REJECTED,NO_SIGNAL,NONE,"No confirmed momentum setup",100.306,0,0,0,0,0
2026-01-02T09:49:10,AAPL,REJECTED,NO_SIGNAL,NONE,"No confirmed momentum setup",100.244,0,0,0,0,0
2026-01-02T09:49:20,AAPL,REJECTED,NO_SIGNAL,NONE,"No confirmed momentum setup",100.314,0,0,0,0,0
2026-01-02T09:49:30,AAPL,REJECTED,NO_SIGNAL,NONE,"No confirmed momentum setup",100.206,0,0,0,0,0
2026-01-02T09:49:40,AAPL,REJECTED,NO_SIGNAL,NONE,"No confirmed momentum setup",100.171,0,0,0,0,0
2026-01-02T09:49:50,AAPL,ACCEPTED,TRADE_ACCEPTED,SHORT,"Accepted: Bearish momentum with MA, volume, and volatility confirmation",100.127,100.728,99.326,24,14.4183,2403.05
2026-01-02T09:50:00,AAPL,REJECTED,NO_SIGNAL,NONE,"No confirmed momentum setup",100.131,0,0,0,0,0
2026-01-02T09:50:10,AAPL,REJECTED,SYMBOL_EXPOSURE_LIMIT,SHORT,"Rejected: symbol exposure limit exceeded",100.01,0,0,0,0,0
2026-01-02T09:50:20,AAPL,REJECTED,NO_SIGNAL,NONE,"No confirmed momentum setup",99.9848,0,0,0,0,0
2026-01-02T09:50:30,AAPL,REJECTED,NO_SIGNAL,NONE,"No confirmed momentum setup",99.9898,0,0,0,0,0
2026-01-02T09:50:40,AAPL,REJECTED,NO_SIGNAL,NONE,"No confirmed momentum setup",99.9832,0,0,0,0,0
2026-01-02T09:50:50,AAPL,REJECTED,NO_SIGNAL,NONE,"No confirmed momentum setup",99.971,0,0,0,0,0
2026-01-02T09:51:00,AAPL,REJECTED,NO_SIGNAL,NONE,"No confirmed momentum setup",99.9105,0,0,0,0,0
2026-01-02T09:51:10,AAPL,REJECTED,NO_SIGNAL,NONE,"No confirmed momentum setup",100.017,0,0,0,0,0
2026-01-02T09:51:20,AAPL,REJECTED,NO_SIGNAL,NONE,"No confirmed momentum setup",100.071,0,0,0,0,0
2026-01-02T09:51:30,AAPL,REJECTED,NO_SIGNAL,NONE,"No confirmed momentum setup",100.086,0,0,0,0,0
2026-01-02T09:51:40,AAPL,REJECTED,NO_SIGNAL,NONE,"No confirmed momentum setup",100.113,0,0,0,0,0
2026-01-02T09:51:50,AAPL,REJECTED,NO_SIGNAL,NONE,"No confirmed momentum setup",100.154,0,0,0,0,0
2026-01-02T09:52:00,AAPL,REJECTED,NO_SIGNAL,NONE,"No confirmed momentum setup",100.101,0,0,0,0,0
2026-01-02T09:52:10,AAPL,REJECTED,NO_SIGNAL,NONE,"No confirmed momentum setup",100.142,0,0,0,0,0
2026-01-02T09:52:20,AAPL,REJECTED,NO_SIGNAL,NONE,"No confirmed momentum setup",100.085,0,0,0,0,0
2026-01-02T09:52:30,AAPL,REJECTED,NO_SIGNAL,NONE,"No confirmed momentum setup",100.007,0,0,0,0,0
2026-01-02T09:52:40,AAPL,REJECTED,NO_SIGNAL,NONE,"No confirmed momentum setup",100.052,0,0,0,0,0
2026-01-02T09:52:50,AAPL,REJECTED,NO_SIGNAL,NONE,"No confirmed momentum setup",100.064,0,0,0,0,0
2026-01-02T09:53:00,AAPL,REJECTED,NO_SIGNAL,NONE,"No confirmed momentum setup",100.158,0,0,0,0,0
2026-01-02T09:53:10,AAPL,REJECTED,NO_SIGNAL,NONE,"No confirmed momentum setup",100.161,0,0,0,0,0
2026-01-02T09:53:20,AAPL,REJECTED,NO_SIGNAL,NONE,"No confirmed momentum setup",100.264,0,0,0,0,0
2026-01-02T09:53:30,AAPL,REJECTED,NO_SIGNAL,NONE,"No confirmed momentum setup",100.237,0,0,0,0,0
2026-01-02T09:53:40,AAPL,REJECTED,NO_SIGNAL,NONE,"No confirmed momentum setup",100.245,0,0,0,0,0
2026-01-02T09:53:50,AAPL,REJECTED,NO_SIGNAL,NONE,"No confirmed momentum setup",100.23,0,0,0,0,0
2026-01-02T09:54:00,AAPL,REJECTED,NO_SIGNAL,NONE,"No confirmed momentum setup",100.3,0,0,0,0,0
2026-01-02T09:54:10,AAPL,REJECTED,NO_SIGNAL,NONE,"No confirmed momentum setup",100.254,0,0,0,0,0
2026-01-02T09:54:20,AAPL,REJECTED,NO_SIGNAL,NONE,"No confirmed momentum setup",100.286,0,0,0,0,0
2026-01-02T09:54:30,AAPL,REJECTED,NO_SIGNAL,NONE,"No confirmed momentum setup",100.339,0,0,0,0,0
2026-01-02T09:54:40,AAPL,REJECTED,NO_SIGNAL,NONE,"No confirmed momentum setup",100.303,0,0,0,0,0
2026-01-02T09:54:50,AAPL,REJECTED,NO_SIGNAL,NONE,"No confirmed momentum setup",100.351,0,0,0,0,0
2026-01-02T09:55:00,AAPL,REJECTED,NO_SIGNAL,NONE,"No confirmed momentum setup",100.357,0,0,0,0,0
2026-01-02T09:55:10,AAPL,REJECTED,NO_SIGNAL,NONE,"No confirmed momentum setup",100.372,0,0,0,0,0
2026-01-02T09:55:20,AAPL,REJECTED,NO_SIGNAL,NONE,"No confirmed momentum setup",100.36,0,0,0,0,0
2026-01-02T09:55:30,AAPL,REJECTED,NO_SIGNAL,NONE,"No confirmed momentum setup",100.349,0,0,0,0,0
2026-01-02T09:55:40,AAPL,REJECTED,NO_SIGNAL,NONE,"No confirmed momentum setup",100.31,0,0,0,0,0
2026-01-02T09:55:50,AAPL,REJECTED,NO_SIGNAL,NONE,"No confirmed momentum setup",100.313,0,0,0,0,0
2026-01-02T09:56:00,AAPL,REJECTED,NO_SIGNAL,NONE,"No confirmed momentum setup",100.323,0,0,0,0,0
2026-01-02T09:56:10,AAPL,REJECTED,NO_SIGNAL,NONE,"No confirmed momentum setup",100.384,0,0,0,0,0
2026-01-02T09:56:20,AAPL,REJECTED,NO_SIGNAL,NONE,"No confirmed momentum setup",100.351,0,0,0,0,0
2026-01-02T09:56:30,AAPL,REJECTED,NO_SIGNAL,NONE,"No confirmed momentum setup",100.319,0,0,0,0,0
2026-01-02T09:56:40,AAPL,REJECTED,NO_SIGNAL,NONE,"No confirmed momentum setup",100.285,0,0,0,0,0
2026-01-02T09:56:50,AAPL,REJECTED,NO_SIGNAL,NONE,"No confirmed momentum setup",100.309,0,0,0,0,0
2026-01-02T09:57:00,AAPL,REJECTED,NO_SIGNAL,NONE,"No confirmed momentum setup",100.257,0,0,0,0,0
2026-01-02T09:57:10,AAPL,REJECTED,NO_SIGNAL,NONE,"No confirmed momentum setup",100.218,0,0,0,0,0
2026-01-02T09:57:20,AAPL,REJECTED,NO_SIGNAL,NONE,"No confirmed momentum setup",100.134,0,0,0,0,0
2026-01-02T09:57:30,AAPL,ACCEPTED,TRADE_ACCEPTED,SHORT,"Accepted: Bearish momentum with MA, volume, and volatility confirmation",100.085,100.685,99.2841,24,14.4122,2402.04
2026-01-02T09:57:40,AAPL,REJECTED,NO_SIGNAL,NONE,"No confirmed momentum setup",100.087,0,0,0,0,0
2026-01-02T09:57:50,AAPL,REJECTED,NO_SIGNAL,NONE,"No confirmed momentum setup",100.092,0,0,0,0,0
2026-01-02T09:58:00,AAPL,REJECTED,NO_SIGNAL,NONE,"No confirmed momentum setup",100.094,0,0,0,0,0
2026-01-02T09:58:10,AAPL,REJECTED,NO_SIGNAL,NONE,"No confirmed momentum setup",100.151,0,0,0,0,0
2026-01-02T09:58:20,AAPL,REJECTED,NO_SIGNAL,NONE,"No confirmed momentum setup",100.093,0,0,0,0,0
2026-01-02T09:58:30,AAPL,REJECTED,NO_SIGNAL,NONE,"No confirmed momentum setup",100.017,0,0,0,0,0
2026-01-02T09:58:40,AAPL,REJECTED,NO_SIGNAL,NONE,"No confirmed momentum setup",100.011,0,0,0,0,0
2026-01-02T09:58:50,AAPL,REJECTED,NO_SIGNAL,NONE,"No confirmed momentum setup",100.043,0,0,0,0,0
2026-01-02T09:59:00,AAPL,REJECTED,NO_SIGNAL,NONE,"No confirmed momentum setup",99.9602,0,0,0,0,0
2026-01-02T09:59:10,AAPL,REJECTED,NO_SIGNAL,NONE,"No confirmed momentum setup",100.056,0,0,0,0,0
2026-01-02T09:59:20,AAPL,REJECTED,NO_SIGNAL,NONE,"No confirmed momentum setup",100,0,0,0,0,0
2026-01-02T09:59:30,AAPL,REJECTED,NO_SIGNAL,NONE,"No confirmed momentum setup",99.9135,0,0,0,0,0
2026-01-02T09:59:40,AAPL,REJECTED,NO_SIGNAL,NONE,"No confirmed momentum setup",99.8528,0,0,0,0,0
2026-01-02T09:59:50,AAPL,REJECTED,NO_SIGNAL,NONE,"No confirmed momentum setup",99.8153,0,0,0,0,0
2026-01-02T10:00:00,AAPL,REJECTED,NO_SIGNAL,NONE,"No confirmed momentum setup",99.8099,0,0,0,0,0
2026-01-02T10:00:10,AAPL,REJECTED,NO_SIGNAL,NONE,"No confirmed momentum setup",99.853,0,0,0,0,0
2026-01-02T10:00:20,AAPL,REJECTED,NO_SIGNAL,NONE,"No confirmed momentum setup",99.8769,0,0,0,0,0
2026-01-02T10:00:30,AAPL,REJECTED,NO_SIGNAL,NONE,"No confirmed momentum setup",99.8082,0,0,0,0,0
2026-01-02T10:00:40,AAPL,REJECTED,NO_SIGNAL,NONE,"No confirmed momentum setup",99.7951,0,0,0,0,0
2026-01-02T10:00:50,AAPL,REJECTED,NO_SIGNAL,NONE,"No confirmed momentum setup",99.7968,0,0,0,0,0
2026-01-02T10:01:00,AAPL,REJECTED,NO_SIGNAL,NONE,"No confirmed momentum setup",99.7141,0,0,0,0,0
2026-01-02T10:01:10,AAPL,REJECTED,NO_SIGNAL,NONE,"No confirmed momentum setup",99.7579,0,0,0,0,0
2026-01-02T10:01:20,AAPL,REJECTED,NO_SIGNAL,NONE,"No confirmed momentum setup",99.7643,0,0,0,0,0
2026-01-02T10:01:30,AAPL,REJECTED,NO_SIGNAL,NONE,"No confirmed momentum setup",99.8082,0,0,0,0,0
2026-01-02T10:01:40,AAPL,REJECTED,NO_SIGNAL,NONE,"No confirmed momentum setup",99.8268,0,0,0,0,0
2026-01-02T10:01:50,AAPL,REJECTED,NO_SIGNAL,NONE,"No confirmed momentum setup",99.8593,0,0,0,0,0
2026-01-02T10:02:00,AAPL,REJECTED,NO_SIGNAL,NONE,"No confirmed momentum setup",99.8368,0,0,0,0,0
2026-01-02T10:02:10,AAPL,REJECTED,NO_SIGNAL,NONE,"No confirmed momentum setup",99.8606,0,0,0,0,0
2026-01-02T10:02:20,AAPL,REJECTED,NO_SIGNAL,NONE,"No confirmed momentum setup",99.8198,0,0,0,0,0
2026-01-02T10:02:30,AAPL,REJECTED,NO_SIGNAL,NONE,"No confirmed momentum setup",99.7519,0,0,0,0,0
2026-01-02T10:02:40,AAPL,REJECTED,NO_SIGNAL,NONE,"No confirmed momentum setup",99.7525,0,0,0,0,0
2026-01-02T10:02:50,AAPL,REJECTED,NO_SIGNAL,NONE,"No confirmed momentum setup",99.7797,0,0,0,0,0
2026-01-02T10:03:00,AAPL,REJECTED,NO_SIGNAL,NONE,"No confirmed momentum setup",99.8234,0,0,0,0,0
2026-01-02T10:03:10,AAPL,REJECTED,NO_SIGNAL,NONE,"No confirmed momentum setup",99.8654,0,0,0,0,0
2026-01-02T10:03:20,AAPL,REJECTED,NO_SIGNAL,NONE,"No confirmed momentum setup",99.8871,0,0,0,0,0
2026-01-02T10:03:30,AAPL,REJECTED,NO_SIGNAL,NONE,"No confirmed momentum setup",99.8973,0,0,0,0,0
2026-01-02T10:03:40,AAPL,REJECTED,NO_SIGNAL,NONE,"No confirmed momentum setup",99.7945,0,0,0,0,0
2026-01-02T10:03:50,AAPL,REJECTED,NO_SIGNAL,NONE,"No confirmed momentum setup",99.804,0,0,0,0,0
2026-01-02T10:04:00,AAPL,REJECTED,NO_SIGNAL,NONE,"No confirmed momentum setup",99.7752,0,0,0,0,0
2026-01-02T10:04:10,AAPL,REJECTED,NO_SIGNAL,NONE,"No confirmed momentum setup",99.8034,0,0,0,0,0
2026-01-02T10:04:20,AAPL,REJECTED,NO_SIGNAL,NONE,"No confirmed momentum setup",99.8351,0,0,0,0,0
2026-01-02T10:04:30,AAPL,REJECTED,NO_SIGNAL,NONE,"No confirmed momentum setup",99.8512,0,0,0,0,0
2026-01-02T10:04:40,AAPL,REJECTED,NO_SIGNAL,NONE,"No confirmed momentum setup",99.8197,0,0,0,0,0
2026-01-02T10:04:50,AAPL,REJECTED,NO_SIGNAL,NONE,"No confirmed momentum setup",99.7295,0,0,0,0,0
2026-01-02T10:05:00,AAPL,REJECTED,NO_SIGNAL,NONE,"No confirmed momentum setup",99.7545,0,0,0,0,0
2026-01-02T10:05:10,AAPL,REJECTED,NO_SIGNAL,NONE,"No confirmed momentum setup",99.7947,0,0,0,0,0
2026-01-02T10:05:20,AAPL,REJECTED,NO_SIGNAL,NONE,"No confirmed momentum setup",99.828,0,0,0,0,0
2026-01-02T10:05:30,AAPL,REJECTED,NO_SIGNAL,NONE,"No confirmed momentum setup",99.826,0,0,0,0,0
2026-01-02T10:05:40,AAPL,REJECTED,NO_SIGNAL,NONE,"No confirmed momentum setup",99.9034,0,0,0,0,0
2026-01-02T10:05:50,AAPL,REJECTED,NO_SIGNAL,NONE,"No confirmed momentum setup",99.9363,0,0,0,0,0
2026-01-02T10:06:00,AAPL,REJECTED,NO_SIGNAL,NONE,"No confirmed momentum setup",100.051,0,0,0,0,0
2026-01-02T10:06:10,AAPL,REJECTED,NO_SIGNAL,NONE,"No confirmed momentum setup",100.01,0,0,0,0,0
2026-01-02T10:06:20,AAPL,REJECTED,NO_SIGNAL,NONE,"No confirmed momentum setup",100.046,0,0,0,0,0
2026-01-02T10:06:30,AAPL,REJECTED,NO_SIGNAL,NONE,"No confirmed momentum setup",99.9537,0,0,0,0,0
2026-01-02T10:06:40,AAPL,REJECTED,NO_SIGNAL,NONE,"No confirmed momentum setup",99.9008,0,0,0,0,0
2026-01-02T10:06:50,AAPL,REJECTED,NO_SIGNAL,NONE,"No confirmed momentum setup",99.8442,0,0,0,0,0
2026-01-02T10:07:00,AAPL,REJECTED,NO_SIGNAL,NONE,"No confirmed momentum setup",99.8269,0,0,0,0,0
2026-01-02T10:07:10,AAPL,REJECTED,NO_SIGNAL,NONE,"No confirmed momentum setup",99.8118,0,0,0,0,0
2026-01-02T10:07:20,AAPL,REJECTED,NO_SIGNAL,NONE,"No confirmed momentum setup",99.8064,0,0,0,0,0
2026-01-02T10:07:30,AAPL,REJECTED,NO_SIGNAL,NONE,"No confirmed momentum setup",99.7632,0,0,0,0,0
2026-01-02T10:07:40,AAPL,REJECTED,NO_SIGNAL,NONE,"No confirmed momentum setup",99.7139,0,0,0,0,0
2026-01-02T10:07:50,AAPL,REJECTED,NO_SIGNAL,NONE,"No confirmed momentum setup",99.7929,0,0,0,0,0
2026-01-02T10:08:00,AAPL,REJECTED,NO_SIGNAL,NONE,"No confirmed momentum setup",99.7684,0,0,0,0,0
2026-01-02T10:08:10,AAPL,REJECTED,NO_SIGNAL,NONE,"No confirmed momentum setup",99.8333,0,0,0,0,0
2026-01-02T10:08:20,AAPL,REJECTED,NO_SIGNAL,NONE,"No confirmed momentum setup",99.885,0,0,0,0,0
2026-01-02T10:08:30,AAPL,REJECTED,NO_SIGNAL,NONE,"No confirmed momentum setup",99.8038,0,0,0,0,0
2026-01-02T10:08:40,AAPL,REJECTED,NO_SIGNAL,NONE,"No confirmed momentum setup",99.8823,0,0,0,0,0
2026-01-02T10:08:50,AAPL,REJECTED,NO_SIGNAL,NONE,"No confirmed momentum setup",99.86,0,0,0,0,0
2026-01-02T10:09:00,AAPL,REJECTED,NO_SIGNAL,NONE,"No confirmed momentum setup",99.8315,0,0,0,0,0
2026-01-02T10:09:10,AAPL,REJECTED,NO_SIGNAL,NONE,"No confirmed momentum setup",99.865,0,0,0,0,0
2026-01-02T10:09:20,AAPL,REJECTED,NO_SIGNAL,NONE,"No confirmed momentum setup",99.9429,0,0,0,0,0
2026-01-02T10:09:30,AAPL,REJECTED,NO_SIGNAL,NONE,"No confirmed momentum setup",99.94,0,0,0,0,0
2026-01-02T10:09:40,AAPL,REJECTED,NO_SIGNAL,NONE,"No confirmed momentum setup",99.9088,0,0,0,0,0
2026-01-02T10:09:50,AAPL,REJECTED,NO_SIGNAL,NONE,"No confirmed momentum setup",99.8799,0,0,0,0,0
2026-01-02T10:10:00,AAPL,REJECTED,NO_SIGNAL,NONE,"No confirmed momentum setup",99.8616,0,0,0,0,0
2026-01-02T10:10:10,AAPL,REJECTED,NO_SIGNAL,NONE,"No confirmed momentum setup",99.8902,0,0,0,0,0
2026-01-02T10:10:20,AAPL,REJECTED,NO_SIGNAL,NONE,"No confirmed momentum setup",99.9312,0,0,0,0,0
2026-01-02T10:10:30,AAPL,REJECTED,NO_SIGNAL,NONE,"No confirmed momentum setup",99.9897,0,0,0,0,0
2026-01-02T10:10:40,AAPL,REJECTED,NO_SIGNAL,NONE,"No confirmed momentum setup",99.9946,0,0,0,0,0
2026-01-02T10:10:50,AAPL,REJECTED,NO_SIGNAL,NONE,"No confirmed momentum setup",99.9752,0,0,0,0,0
2026-01-02T10:11:00,AAPL,REJECTED,NO_SIGNAL,NONE,"No confirmed momentum setup",99.9189,0,0,0,0,0
2026-01-02T10:11:10,AAPL,REJECTED,NO_SIGNAL,NONE,"No confirmed momentum setup",99.8483,0,0,0,0,0
2026-01-02T10:11:20,AAPL,REJECTED,NO_SIGNAL,NONE,"No confirmed momentum setup",99.8858,0,0,0,0,0
2026-01-02T10:11:30,AAPL,REJECTED,NO_SIGNAL,NONE,"No confirmed momentum setup",99.8857,0,0,0,0,0
2026-01-02T09:30:00,MSFT,ACCEPTED,TRADE_ACCEPTED,LONG,"Accepted: Bullish momentum with MA, volume, and volatility confirmation",239.99,238.55,241.91,10,14.3994,2399.9
2026-01-02T09:30:10,MSFT,REJECTED,SYMBOL_EXPOSURE_LIMIT,LONG,"Rejected: symbol exposure limit exceeded",239.994,0,0,0,0,0
2026-01-02T09:30:20,MSFT,REJECTED,NO_SIGNAL,NONE,"No confirmed momentum setup",240.005,0,0,0,0,0
2026-01-02T09:30:30,MSFT,REJECTED,NO_SIGNAL,NONE,"No confirmed momentum setup",240.033,0,0,0,0,0
2026-01-02T09:30:40,MSFT,REJECTED,NO_SIGNAL,NONE,"No confirmed momentum setup",240.013,0,0,0,0,0
2026-01-02T09:30:50,MSFT,REJECTED,NO_SIGNAL,NONE,"No confirmed momentum setup",240.04,0,0,0,0,0
2026-01-02T09:31:00,MSFT,REJECTED,NO_SIGNAL,NONE,"No confirmed momentum setup",240.056,0,0,0,0,0
2026-01-02T09:31:10,MSFT,REJECTED,NO_SIGNAL,NONE,"No confirmed momentum setup",240,0,0,0,0,0
2026-01-02T09:31:20,MSFT,REJECTED,NO_SIGNAL,NONE,"No confirmed momentum setup",239.997,0,0,0,0,0
2026-01-02T09:31:30,MSFT,REJECTED,NO_SIGNAL,NONE,"No confirmed momentum setup",240.008,0,0,0,0,0
2026-01-02T09:31:40,MSFT,REJECTED,NO_SIGNAL,NONE,"No confirmed momentum setup",240.004,0,0,0,0,0
2026-01-02T09:31:50,MSFT,REJECTED,NO_SIGNAL,NONE,"No confirmed momentum setup",239.968,0,0,0,0,0
2026-01-02T09:32:00,MSFT,REJECTED,NO_SIGNAL,NONE,"No confirmed momentum setup",239.964,0,0,0,0,0
2026-01-02T09:32:10,MSFT,REJECTED,NO_SIGNAL,NONE,"No confirmed momentum setup",239.962,0,0,0,0,0
2026-01-02T09:32:20,MSFT,REJECTED,NO_SIGNAL,NONE,"No confirmed momentum setup",239.991,0,0,0,0,0
2026-01-02T09:32:30,MSFT,REJECTED,NO_SIGNAL,NONE,"No confirmed momentum setup",240.001,0,0,0,0,0
2026-01-02T09:32:40,MSFT,REJECTED,NO_SIGNAL,NONE,"No confirmed momentum setup",240.02,0,0,0,0,0
2026-01-02T09:32:50,MSFT,REJECTED,NO_SIGNAL,NONE,"No confirmed momentum setup",240.028,0,0,0,0,0
2026-01-02T09:33:00,MSFT,REJECTED,NO_SIGNAL,NONE,"No confirmed momentum setup",239.997,0,0,0,0,0
2026-01-02T09:33:10,MSFT,REJECTED,NO_SIGNAL,NONE,"No confirmed momentum setup",239.95,0,0,0,0,0
2026-01-02T09:33:20,MSFT,REJECTED,NO_SIGNAL,NONE,"No confirmed momentum setup",239.927,0,0,0,0,0
2026-01-02T09:33:30,MSFT,REJECTED,NO_SIGNAL,NONE,"No confirmed momentum setup",239.981,0,0,0,0,0
2026-01-02T09:33:40,MSFT,REJECTED,NO_SIGNAL,NONE,"No confirmed momentum setup",240.048,0,0,0,0,0
2026-01-02T09:33:50,MSFT,REJECTED,NO_SIGNAL,NONE,"No confirmed momentum setup",240.048,0,0,0,0,0
2026-01-02T09:34:00,MSFT,REJECTED,NO_SIGNAL,NONE,"No confirmed momentum setup",239.974,0,0,0,0,0
2026-01-02T09:34:10,MSFT,REJECTED,NO_SIGNAL,NONE,"No confirmed momentum setup",239.967,0,0,0,0,0
2026-01-02T09:34:20,MSFT,REJECTED,NO_SIGNAL,NONE,"No confirmed momentum setup",239.895,0,0,0,0,0
2026-01-02T09:34:30,MSFT,REJECTED,NO_SIGNAL,NONE,"No confirmed momentum setup",239.867,0,0,0,0,0
2026-01-02T09:34:40,MSFT,REJECTED,NO_SIGNAL,NONE,"No confirmed momentum setup",239.848,0,0,0,0,0
2026-01-02T09:34:50,MSFT,REJECTED,NO_SIGNAL,NONE,"No confirmed momentum setup",239.816,0,0,0,0,0
2026-01-02T09:35:00,MSFT,REJECTED,NO_SIGNAL,NONE,"No confirmed momentum setup",239.862,0,0,0,0,0
2026-01-02T09:35:10,MSFT,REJECTED,NO_SIGNAL,NONE,"No confirmed momentum setup",239.857,0,0,0,0,0
2026-01-02T09:35:20,MSFT,REJECTED,NO_SIGNAL,NONE,"No confirmed momentum setup",239.826,0,0,0,0,0
2026-01-02T09:35:30,MSFT,REJECTED,NO_SIGNAL,NONE,"No confirmed momentum setup",239.85,0,0,0,0,0
2026-01-02T09:35:40,MSFT,REJECTED,NO_SIGNAL,NONE,"No confirmed momentum setup",239.838,0,0,0,0,0
2026-01-02T09:35:50,MSFT,REJECTED,NO_SIGNAL,NONE,"No confirmed momentum setup",239.808,0,0,0,0,0
2026-01-02T09:36:00,MSFT,REJECTED,NO_SIGNAL,NONE,"No confirmed momentum setup",239.833,0,0,0,0,0
2026-01-02T09:36:10,MSFT,REJECTED,NO_SIGNAL,NONE,"No confirmed momentum setup",239.828,0,0,0,0,0
2026-01-02T09:36:20,MSFT,REJECTED,NO_SIGNAL,NONE,"No confirmed momentum setup",239.839,0,0,0,0,0
2026-01-02T09:36:30,MSFT,REJECTED,NO_SIGNAL,NONE,"No confirmed momentum setup",239.837,0,0,0,0,0
2026-01-02T09:36:40,MSFT,REJECTED,NO_SIGNAL,NONE,"No confirmed momentum setup",239.848,0,0,0,0,0
2026-01-02T09:36:50,MSFT,REJECTED,NO_SIGNAL,NONE,"No confirmed momentum setup",239.888,0,0,0,0,0
2026-01-02T09:37:00,MSFT,REJECTED,NO_SIGNAL,NONE,"No confirmed momentum setup",239.883,0,0,0,0,0
2026-01-02T09:37:10,MSFT,REJECTED,NO_SIGNAL,NONE,"No confirmed momentum setup",239.849,0,0,0,0,0
2026-01-02T09:37:20,MSFT,REJECTED,NO_SIGNAL,NONE,"No confirmed momentum setup",239.856,0,0,0,0,0
2026-01-02T09:37:30,MSFT,REJECTED,NO_SIGNAL,NONE,"No confirmed momentum setup",239.864,0,0,0,0,0
2026-01-02T09:37:40,MSFT,REJECTED,NO_SIGNAL,NONE,"No confirmed momentum setup",239.883,0,0,0,0,0
2026-01-02T09:37:50,MSFT,REJECTED,NO_SIGNAL,NONE,"No confirmed momentum setup",239.878,0,0,0,0,0
2026-01-02T09:38:00,MSFT,REJECTED,NO_SIGNAL,NONE,"No confirmed momentum setup",239.925,0,0,0,0,0
2026-01-02T09:38:10,MSFT,REJECTED,NO_SIGNAL,NONE,"No confirmed momentum setup",239.942,0,0,0,0,0
2026-01-02T09:38:20,MSFT,REJECTED,NO_SIGNAL,NONE,"No confirmed momentum setup",239.935,0,0,0,0,0
2026-01-02T09:38:30,MSFT,REJECTED,NO_SIGNAL,NONE,"No confirmed momentum setup",239.926,0,0,0,0,0
2026-01-02T09:38:40,MSFT,REJECTED,NO_SIGNAL,NONE,"No confirmed momentum setup",239.98,0,0,0,0,0
2026-01-02T09:38:50,MSFT,REJECTED,NO_SIGNAL,NONE,"No confirmed momentum setup",239.934,0,0,0,0,0
2026-01-02T09:39:00,MSFT,REJECTED,NO_SIGNAL,NONE,"No confirmed momentum setup",239.883,0,0,0,0,0
2026-01-02T09:39:10,MSFT,REJECTED,NO_SIGNAL,NONE,"No confirmed momentum setup",239.883,0,0,0,0,0
2026-01-02T09:39:20,MSFT,REJECTED,NO_SIGNAL,NONE,"No confirmed momentum setup",239.889,0,0,0,0,0
2026-01-02T09:39:30,MSFT,REJECTED,NO_SIGNAL,NONE,"No confirmed momentum setup",239.899,0,0,0,0,0
2026-01-02T09:39:40,MSFT,REJECTED,NO_SIGNAL,NONE,"No confirmed momentum setup",239.891,0,0,0,0,0
2026-01-02T09:39:50,MSFT,REJECTED,NO_SIGNAL,NONE,"No confirmed momentum setup",239.883,0,0,0,0,0
2026-01-02T09:40:00,MSFT,REJECTED,NO_SIGNAL,NONE,"No confirmed momentum setup",239.879,0,0,0,0,0
2026-01-02T09:40:10,MSFT,REJECTED,NO_SIGNAL,NONE,"No confirmed momentum setup",239.875,0,0,0,0,0
2026-01-02T09:40:20,MSFT,REJECTED,NO_SIGNAL,NONE,"No confirmed momentum setup",239.848,0,0,0,0,0
2026-01-02T09:40:30,MSFT,REJECTED,NO_SIGNAL,NONE,"No confirmed momentum setup",239.861,0,0,0,0,0
2026-01-02T09:40:40,MSFT,REJECTED,NO_SIGNAL,NONE,"No confirmed momentum setup",239.834,0,0,0,0,0
2026-01-02T09:40:50,MSFT,REJECTED,NO_SIGNAL,NONE,"No confirmed momentum setup",239.841,0,0,0,0,0
2026-01-02T09:41:00,MSFT,REJECTED,NO_SIGNAL,NONE,"No confirmed momentum setup",239.864,0,0,0,0,0
2026-01-02T09:41:10,MSFT,REJECTED,NO_SIGNAL,NONE,"No confirmed momentum setup",239.85,0,0,0,0,0
2026-01-02T09:41:20,MSFT,REJECTED,NO_SIGNAL,NONE,"No confirmed momentum setup",239.851,0,0,0,0,0
2026-01-02T09:41:30,MSFT,REJECTED,NO_SIGNAL,NONE,"No confirmed momentum setup",239.832,0,0,0,0,0
2026-01-02T09:41:40,MSFT,REJECTED,NO_SIGNAL,NONE,"No confirmed momentum setup",239.854,0,0,0,0,0
2026-01-02T09:41:50,MSFT,REJECTED,NO_SIGNAL,NONE,"No confirmed momentum setup",239.852,0,0,0,0,0
2026-01-02T09:42:00,MSFT,REJECTED,NO_SIGNAL,NONE,"No confirmed momentum setup",239.822,0,0,0,0,0
2026-01-02T09:42:10,MSFT,REJECTED,NO_SIGNAL,NONE,"No confirmed momentum setup",239.799,0,0,0,0,0
2026-01-02T09:42:20,MSFT,REJECTED,NO_SIGNAL,NONE,"No confirmed momentum setup",239.8,0,0,0,0,0
2026-01-02T09:42:30,MSFT,REJECTED,NO_SIGNAL,NONE,"No confirmed momentum setup",239.835,0,0,0,0,0
2026-01-02T09:42:40,MSFT,REJECTED,NO_SIGNAL,NONE,"No confirmed momentum setup",239.845,0,0,0,0,0
2026-01-02T09:42:50,MSFT,REJECTED,NO_SIGNAL,NONE,"No confirmed momentum setup",239.829,0,0,0,0,0
2026-01-02T09:43:00,MSFT,REJECTED,NO_SIGNAL,NONE,"No confirmed momentum setup",239.891,0,0,0,0,0
2026-01-02T09:43:10,MSFT,REJECTED,NO_SIGNAL,NONE,"No confirmed momentum setup",239.889,0,0,0,0,0
2026-01-02T09:43:20,MSFT,REJECTED,NO_SIGNAL,NONE,"No confirmed momentum setup",239.906,0,0,0,0,0
2026-01-02T09:43:30,MSFT,REJECTED,NO_SIGNAL,NONE,"No confirmed momentum setup",239.882,0,0,0,0,0
2026-01-02T09:43:40,MSFT,REJECTED,NO_SIGNAL,NONE,"No confirmed momentum setup",239.836,0,0,0,0,0
2026-01-02T09:43:50,MSFT,REJECTED,NO_SIGNAL,NONE,"No confirmed momentum setup",239.786,0,0,0,0,0
2026-01-02T09:44:00,MSFT,REJECTED,NO_SIGNAL,NONE,"No confirmed momentum setup",239.788,0,0,0,0,0
2026-01-02T09:44:10,MSFT,REJECTED,NO_SIGNAL,NONE,"No confirmed momentum setup",239.815,0,0,0,0,0
2026-01-02T09:44:20,MSFT,REJECTED,NO_SIGNAL,NONE,"No confirmed momentum setup",239.804,0,0,0,0,0
2026-01-02T09:44:30,MSFT,REJECTED,NO_SIGNAL,NONE,"No confirmed momentum setup",239.857,0,0,0,0,0
2026-01-02T09:44:40,MSFT,REJECTED,NO_SIGNAL,NONE,"No confirmed momentum setup",239.847,0,0,0,0,0
2026-01-02T09:44:50,MSFT,REJECTED,NO_SIGNAL,NONE,"No confirmed momentum setup",239.827,0,0,0,0,0
2026-01-02T09:45:00,MSFT,REJECTED,NO_SIGNAL,NONE,"No confirmed momentum setup",239.857,0,0,0,0,0
2026-01-02T09:45:10,MSFT,REJECTED,NO_SIGNAL,NONE,"No confirmed momentum setup",239.839,0,0,0,0,0
2026-01-02T09:45:20,MSFT,REJECTED,NO_SIGNAL,NONE,"No confirmed momentum setup",239.846,0,0,0,0,0
2026-01-02T09:45:30,MSFT,REJECTED,NO_SIGNAL,NONE,"No confirmed momentum setup",239.895,0,0,0,0,0
2026-01-02T09:45:40,MSFT,REJECTED,NO_SIGNAL,NONE,"No confirmed momentum setup",239.9,0,0,0,0,0
2026-01-02T09:45:50,MSFT,REJECTED,NO_SIGNAL,NONE,"No confirmed momentum setup",239.947,0,0,0,0,0
2026-01-02T09:46:00,MSFT,REJECTED,NO_SIGNAL,NONE,"No confirmed momentum setup",239.936,0,0,0,0,0
2026-01-02T09:46:10,MSFT,REJECTED,NO_SIGNAL,NONE,"No confirmed momentum setup",239.946,0,0,0,0,0
2026-01-02T09:46:20,MSFT,REJECTED,NO_SIGNAL,NONE,"No confirmed momentum setup",239.961,0,0,0,0,0
2026-01-02T09:46:30,MSFT,REJECTED,NO_SIGNAL,NONE,"No confirmed momentum setup",239.943,0,0,0,0,0
2026-01-02T09:46:40,MSFT,REJECTED,NO_SIGNAL,NONE,"No confirmed momentum setup",239.926,0,0,0,0,0
2026-01-02T09:46:50,MSFT,REJECTED,NO_SIGNAL,NONE,"No confirmed momentum setup",239.936,0,0,0,0,0
2026-01-02T09:47:00,MSFT,REJECTED,NO_SIGNAL,NONE,"No confirmed momentum setup",239.958,0,0,0,0,0
2026-01-02T09:47:10,MSFT,REJECTED,NO_SIGNAL,NONE,"No confirmed momentum setup",239.926,0,0,0,0,0
2026-01-02T09:47:20,MSFT,REJECTED,NO_SIGNAL,NONE,"No confirmed momentum setup",239.871,0,0,0,0,0
2026-01-02T09:47:30,MSFT,REJECTED,NO_SIGNAL,NONE,"No confirmed momentum setup",239.874,0,0,0,0,0
2026-01-02T09:47:40,MSFT,REJECTED,NO_SIGNAL,NONE,"No confirmed momentum setup",239.889,0,0,0,0,0
2026-01-02T09:47:50,MSFT,REJECTED,NO_SIGNAL,NONE,"No confirmed momentum setup",239.838,0,0,0,0,0
2026-01-02T09:48:00,MSFT,REJECTED,NO_SIGNAL,NONE,"No confirmed momentum setup",239.835,0,0,0,0,0
2026-01-02T09:48:10,MSFT,REJECTED,NO_SIGNAL,NONE,"No confirmed momentum setup",239.874,0,0,0,0,0
2026-01-02T09:48:20,MSFT,REJECTED,NO_SIGNAL,NONE,"No confirmed momentum setup",239.898,0,0,0,0,0
2026-01-02T09:48:30,MSFT,REJECTED,NO_SIGNAL,NONE,"No confirmed momentum setup",239.89,0,0,0,0,0
2026-01-02T09:48:40,MSFT,REJECTED,NO_SIGNAL,NONE,"No confirmed momentum setup",239.853,0,0,0,0,0
2026-01-02T09:48:50,MSFT,REJECTED,NO_SIGNAL,NONE,"No confirmed momentum setup",239.833,0,0,0,0,0
2026-01-02T09:49:00,MSFT,REJECTED,NO_SIGNAL,NONE,"No confirmed momentum setup",239.85,0,0,0,0,0
2026-01-02T09:49:10,MSFT,REJECTED,NO_SIGNAL,NONE,"No confirmed momentum setup",239.863,0,0,0,0,0
2026-01-02T09:49:20,MSFT,REJECTED,NO_SIGNAL,NONE,"No confirmed momentum setup",239.857,0,0,0,0,0
2026-01-02T09:49:30,MSFT,REJECTED,NO_SIGNAL,NONE,"No confirmed momentum setup",239.838,0,0,0,0,0
2026-01-02T09:49:40,MSFT,REJECTED,NO_SIGNAL,NONE,"No confirmed momentum setup",239.845,0,0,0,0,0
2026-01-02T09:49:50,MSFT,REJECTED,NO_SIGNAL,NONE,"No confirmed momentum setup",239.868,0,0,0,0,0
2026-01-02T09:50:00,MSFT,REJECTED,NO_SIGNAL,NONE,"No confirmed momentum setup",239.899,0,0,0,0,0
2026-01-02T09:50:10,MSFT,REJECTED,NO_SIGNAL,NONE,"No confirmed momentum setup",239.868,0,0,0,0,0
2026-01-02T09:50:20,MSFT,REJECTED,NO_SIGNAL,NONE,"No confirmed momentum setup",239.91,0,0,0,0,0
2026-01-02T09:50:30,MSFT,REJECTED,NO_SIGNAL,NONE,"No confirmed momentum setup",239.949,0,0,0,0,0
2026-01-02T09:50:40,MSFT,REJECTED,NO_SIGNAL,NONE,"No confirmed momentum setup",239.995,0,0,0,0,0
2026-01-02T09:50:50,MSFT,REJECTED,NO_SIGNAL,NONE,"No confirmed momentum setup",239.941,0,0,0,0,0
2026-01-02T09:51:00,MSFT,REJECTED,NO_SIGNAL,NONE,"No confirmed momentum setup",239.94,0,0,0,0,0
2026-01-02T09:51:10,MSFT,REJECTED,NO_SIGNAL,NONE,"No confirmed momentum setup",239.913,0,0,0,0,0
2026-01-02T09:51:20,MSFT,REJECTED,NO_SIGNAL,NONE,"No confirmed momentum setup",239.909,0,0,0,0,0
2026-01-02T09:51:30,MSFT,REJECTED,NO_SIGNAL,NONE,"No confirmed momentum setup",239.921,0,0,0,0,0
2026-01-02T09:51:40,MSFT,REJECTED,NO_SIGNAL,NONE,"No confirmed momentum setup",239.926,0,0,0,0,0
2026-01-02T09:51:50,MSFT,REJECTED,NO_SIGNAL,NONE,"No confirmed momentum setup",239.885,0,0,0,0,0
2026-01-02T09:52:00,MSFT,REJECTED,NO_SIGNAL,NONE,"No confirmed momentum setup",239.891,0,0,0,0,0
2026-01-02T09:52:10,MSFT,REJECTED,NO_SIGNAL,NONE,"No confirmed momentum setup",239.846,0,0,0,0,0
2026-01-02T09:52:20,MSFT,REJECTED,NO_SIGNAL,NONE,"No confirmed momentum setup",239.877,0,0,0,0,0
2026-01-02T09:52:30,MSFT,REJECTED,NO_SIGNAL,NONE,"No confirmed momentum setup",239.926,0,0,0,0,0
2026-01-02T09:52:40,MSFT,REJECTED,NO_SIGNAL,NONE,"No confirmed momentum setup",239.919,0,0,0,0,0
2026-01-02T09:52:50,MSFT,REJECTED,NO_SIGNAL,NONE,"No confirmed momentum setup",239.885,0,0,0,0,0
2026-01-02T09:53:00,MSFT,REJECTED,NO_SIGNAL,NONE,"No confirmed momentum setup",239.874,0,0,0,0,0
2026-01-02T09:53:10,MSFT,REJECTED,NO_SIGNAL,NONE,"No confirmed momentum setup",239.867,0,0,0,0,0
2026-01-02T09:53:20,MSFT,REJECTED,NO_SIGNAL,NONE,"No confirmed momentum setup",239.815,0,0,0,0,0
2026-01-02T09:53:30,MSFT,REJECTED,NO_SIGNAL,NONE,"No confirmed momentum setup",239.778,0,0,0,0,0
2026-01-02T09:53:40,MSFT,REJECTED,NO_SIGNAL,NONE,"No confirmed momentum setup",239.755,0,0,0,0,0
2026-01-02T09:53:50,MSFT,REJECTED,NO_SIGNAL,NONE,"No confirmed momentum setup",239.716,0,0,0,0,0
2026-01-02T09:54:00,MSFT,REJECTED,NO_SIGNAL,NONE,"No confirmed momentum setup",239.758,0,0,0,0,0
2026-01-02T09:54:10,MSFT,REJECTED,NO_SIGNAL,NONE,"No confirmed momentum setup",239.792,0,0,0,0,0
2026-01-02T09:54:20,MSFT,REJECTED,NO_SIGNAL,NONE,"No confirmed momentum setup",239.779,0,0,0,0,0
2026-01-02T09:54:30,MSFT,REJECTED,NO_SIGNAL,NONE,"No confirmed momentum setup",239.768,0,0,0,0,0
2026-01-02T09:54:40,MSFT,REJECTED,NO_SIGNAL,NONE,"No confirmed momentum setup",239.812,0,0,0,0,0
2026-01-02T09:54:50,MSFT,REJECTED,NO_SIGNAL,NONE,"No confirmed momentum setup",239.763,0,0,0,0,0
2026-01-02T09:55:00,MSFT,REJECTED,NO_SIGNAL,NONE,"No confirmed momentum setup",239.716,0,0,0,0,0
2026-01-02T09:55:10,MSFT,REJECTED,NO_SIGNAL,NONE,"No confirmed momentum setup",239.739,0,0,0,0,0
2026-01-02T09:55:20,MSFT,REJECTED,NO_SIGNAL,NONE,"No confirmed momentum setup",239.778,0,0,0,0,0
2026-01-02T09:55:30,MSFT,REJECTED,NO_SIGNAL,NONE,"No confirmed momentum setup",239.785,0,0,0,0,0
2026-01-02T09:55:40,MSFT,REJECTED,NO_SIGNAL,NONE,"No confirmed momentum setup",239.757,0,0,0,0,0
2026-01-02T09:55:50,MSFT,REJECTED,NO_SIGNAL,NONE,"No confirmed momentum setup",239.811,0,0,0,0,0
2026-01-02T09:56:00,MSFT,REJECTED,NO_SIGNAL,NONE,"No confirmed momentum setup",239.791,0,0,0,0,0
2026-01-02T09:56:10,MSFT,REJECTED,NO_SIGNAL,NONE,"No confirmed momentum setup",239.758,0,0,0,0,0
2026-01-02T09:56:20,MSFT,REJECTED,NO_SIGNAL,NONE,"No confirmed momentum setup",239.78,0,0,0,0,0
2026-01-02T09:56:30,MSFT,REJECTED,NO_SIGNAL,NONE,"No confirmed momentum setup",239.761,0,0,0,0,0
2026-01-02T09:56:40,MSFT,REJECTED,NO_SIGNAL,NONE,"No confirmed momentum setup",239.789,0,0,0,0,0
2026-01-02T09:56:50,MSFT,REJECTED,NO_SIGNAL,NONE,"No confirmed momentum setup",239.743,0,0,0,0,0
2026-01-02T09:57:00,MSFT,REJECTED,NO_SIGNAL,NONE,"No confirmed momentum setup",239.721,0,0,0,0,0
2026-01-02T09:57:10,MSFT,REJECTED,NO_SIGNAL,NONE,"No confirmed momentum setup",239.727,0,0,0,0,0
2026-01-02T09:57:20,MSFT,REJECTED,NO_SIGNAL,NONE,"No confirmed momentum setup",239.655,0,0,0,0,0
2026-01-02T09:57:30,MSFT,REJECTED,NO_SIGNAL,NONE,"No confirmed momentum setup",239.694,0,0,0,0,0
2026-01-02T09:57:40,MSFT,REJECTED,NO_SIGNAL,NONE,"No confirmed momentum setup",239.717,0,0,0,0,0
2026-01-02T09:57:50,MSFT,REJECTED,NO_SIGNAL,NONE,"No confirmed momentum setup",239.701,0,0,0,0,0
2026-01-02T09:58:00,MSFT,REJECTED,NO_SIGNAL,NONE,"No confirmed momentum setup",239.745,0,0,0,0,0
2026-01-02T09:58:10,MSFT,REJECTED,NO_SIGNAL,NONE,"No confirmed momentum setup",239.748,0,0,0,0,0
2026-01-02T09:58:20,MSFT,REJECTED,NO_SIGNAL,NONE,"No confirmed momentum setup",239.735,0,0,0,0,0
2026-01-02T09:58:30,MSFT,REJECTED,NO_SIGNAL,NONE,"No confirmed momentum setup",239.736,0,0,0,0,0
2026-01-02T09:58:40,MSFT,REJECTED,NO_SIGNAL,NONE,"No confirmed momentum setup",239.717,0,0,0,0,0
2026-01-02T09:58:50,MSFT,REJECTED,NO_SIGNAL,NONE,"No confirmed momentum setup",239.723,0,0,0,0,0
2026-01-02T09:59:00,MSFT,REJECTED,NO_SIGNAL,NONE,"No confirmed momentum setup",239.718,0,0,0,0,0
2026-01-02T09:59:10,MSFT,REJECTED,NO_SIGNAL,NONE,"No confirmed momentum setup",239.693,0,0,0,0,0
2026-01-02T09:59:20,MSFT,REJECTED,NO_SIGNAL,NONE,"No confirmed momentum setup",239.69,0,0,0,0,0
2026-01-02T09:59:30,MSFT,REJECTED,NO_SIGNAL,NONE,"No confirmed momentum setup",239.658,0,0,0,0,0
2026-01-02T09:59:40,MSFT,REJECTED,NO_SIGNAL,NONE,"No confirmed momentum setup",239.654,0,0,0,0,0
2026-01-02T09:59:50,MSFT,REJECTED,NO_SIGNAL,NONE,"No confirmed momentum setup",239.694,0,0,0,0,0
2026-01-02T10:00:00,MSFT,REJECTED,NO_SIGNAL,NONE,"No confirmed momentum setup",239.651,0,0,0,0,0
2026-01-02T10:00:10,MSFT,REJECTED,NO_SIGNAL,NONE,"No confirmed momentum setup",239.642,0,0,0,0,0
2026-01-02T10:00:20,MSFT,REJECTED,NO_SIGNAL,NONE,"No confirmed momentum setup",239.618,0,0,0,0,0
2026-01-02T10:00:30,MSFT,REJECTED,NO_SIGNAL,NONE,"No confirmed momentum setup",239.673,0,0,0,0,0
2026-01-02T10:00:40,MSFT,REJECTED,NO_SIGNAL,NONE,"No confirmed momentum setup",239.628,0,0,0,0,0
2026-01-02T10:00:50,MSFT,REJECTED,NO_SIGNAL,NONE,"No confirmed momentum setup",239.621,0,0,0,0,0
2026-01-02T10:01:00,MSFT,REJECTED,NO_SIGNAL,NONE,"No confirmed momentum setup",239.664,0,0,0,0,0
2026-01-02T10:01:10,MSFT,REJECTED,NO_SIGNAL,NONE,"No confirmed momentum setup",239.674,0,0,0,0,0
2026-01-02T10:01:20,MSFT,REJECTED,NO_SIGNAL,NONE,"No confirmed momentum setup",239.704,0,0,0,0,0
2026-01-02T10:01:30,MSFT,REJECTED,NO_SIGNAL,NONE,"No confirmed momentum setup",239.722,0,0,0,0,0
2026-01-02T10:01:40,MSFT,REJECTED,NO_SIGNAL,NONE,"No confirmed momentum setup",239.706,0,0,0,0,0
2026-01-02T10:01:50,MSFT,REJECTED,NO_SIGNAL,NONE,"No confirmed momentum setup",239.688,0,0,0,0,0
2026-01-02T10:02:00,MSFT,REJECTED,NO_SIGNAL,NONE,"No confirmed momentum setup",239.669,0,0,0,0,0
2026-01-02T10:02:10,MSFT,REJECTED,NO_SIGNAL,NONE,"No confirmed momentum setup",239.607,0,0,0,0,0
2026-01-02T10:02:20,MSFT,REJECTED,NO_SIGNAL,NONE,"No confirmed momentum setup",239.597,0,0,0,0,0
2026-01-02T10:02:30,MSFT,REJECTED,NO_SIGNAL,NONE,"No confirmed momentum setup",239.635,0,0,0,0,0
2026-01-02T10:02:40,MSFT,REJECTED,NO_SIGNAL,NONE,"No confirmed momentum setup",239.599,0,0,0,0,0
2026-01-02T10:02:50,MSFT,REJECTED,NO_SIGNAL,NONE,"No confirmed momentum setup",239.56,0,0,0,0,0
2026-01-02T10:03:00,MSFT,REJECTED,NO_SIGNAL,NONE,"No confirmed momentum setup",239.609,0,0,0,0,0
2026-01-02T10:03:10,MSFT,REJECTED,NO_SIGNAL,NONE,"No confirmed momentum setup",239.591,0,0,0,0,0
2026-01-02T10:03:20,MSFT,REJECTED,NO_SIGNAL,NONE,"No confirmed momentum setup",239.554,0,0,0,0,0
2026-01-02T10:03:30,MSFT,REJECTED,NO_SIGNAL,NONE,"No confirmed momentum setup",239.581,0,0,0,0,0
2026-01-02T10:03:40,MSFT,REJECTED,NO_SIGNAL,NONE,"No confirmed momentum setup",239.584,0,0,0,0,0
2026-01-02T10:03:50,MSFT,REJECTED,NO_SIGNAL,NONE,"No confirmed momentum setup",239.575,0,0,0,0,0
2026-01-02T10:04:00,MSFT,REJECTED,NO_SIGNAL,NONE,"No confirmed momentum setup",239.523,0,0,0,0,0
2026-01-02T10:04:10,MSFT,REJECTED,NO_SIGNAL,NONE,"No confirmed momentum setup",239.566,0,0,0,0,0
2026-01-02T10:04:20,MSFT,REJECTED,NO_SIGNAL,NONE,"No confirmed momentum setup",239.539,0,0,0,0,0
2026-01-02T10:04:30,MSFT,REJECTED,NO_SIGNAL,NONE,"No confirmed momentum setup",239.549,0,0,0,0,0
2026-01-02T10:04:40,MSFT,REJECTED,NO_SIGNAL,NONE,"No confirmed momentum setup",239.551,0,0,0,0,0
2026-01-02T10:04:50,MSFT,REJECTED,NO_SIGNAL,NONE,"No confirmed momentum setup",239.505,0,0,0,0,0
2026-01-02T10:05:00,MSFT,REJECTED,NO_SIGNAL,NONE,"No confirmed momentum setup",239.519,0,0,0,0,0
2026-01-02T10:05:10,MSFT,REJECTED,NO_SIGNAL,NONE,"No confirmed momentum setup",239.555,0,0,0,0,0
2026-01-02T10:05:20,MSFT,REJECTED,NO_SIGNAL,NONE,"No confirmed momentum setup",239.583,0,0,0,0,0
2026-01-02T10:05:30,MSFT,REJECTED,NO_SIGNAL,NONE,"No confirmed momentum setup",239.635,0,0,0,0,0
2026-01-02T10:05:40,MSFT,REJECTED,NO_SIGNAL,NONE,"No confirmed momentum setup",239.595,0,0,0,0,0
2026-01-02T10:05:50,MSFT,REJECTED,NO_SIGNAL,NONE,"No confirmed momentum setup",239.544,0,0,0,0,0
2026-01-02T10:06:00,MSFT,REJECTED,NO_SIGNAL,NONE,"No confirmed momentum setup",239.542,0,0,0,0,0
2026-01-02T10:06:10,MSFT,REJECTED,NO_SIGNAL,NONE,"No confirmed momentum setup",239.524,0,0,0,0,0
2026-01-02T10:06:20,MSFT,REJECTED,NO_SIGNAL,NONE,"No confirmed momentum setup",239.53,0,0,0,0,0
2026-01-02T10:06:30,MSFT,REJECTED,NO_SIGNAL,NONE,"No confirmed momentum setup",239.491,0,0,0,0,0
2026-01-02T10:06:40,MSFT,REJECTED,NO_SIGNAL,NONE,"No confirmed momentum setup",239.51,0,0,0,0,0
2026-01-02T10:06:50,MSFT,REJECTED,NO_SIGNAL,NONE,"No confirmed momentum setup",239.526,0,0,0,0,0
2026-01-02T10:07:00,MSFT,REJECTED,NO_SIGNAL,NONE,"No confirmed momentum setup",239.538,0,0,0,0,0
2026-01-02T10:07:10,MSFT,REJECTED,NO_SIGNAL,NONE,"No confirmed momentum setup",239.479,0,0,0,0,0
2026-01-02T10:07:20,MSFT,REJECTED,NO_SIGNAL,NONE,"No confirmed momentum setup",239.456,0,0,0,0,0
2026-01-02T10:07:30,MSFT,REJECTED,NO_SIGNAL,NONE,"No confirmed momentum setup",239.479,0,0,0,0,0
2026-01-02T10:07:40,MSFT,REJECTED,NO_SIGNAL,NONE,"No confirmed momentum setup",239.444,0,0,0,0,0
2026-01-02T10:07:50,MSFT,REJECTED,NO_SIGNAL,NONE,"No confirmed momentum setup",239.461,0,0,0,0,0
2026-01-02T10:08:00,MSFT,REJECTED,NO_SIGNAL,NONE,"No confirmed momentum setup",239.391,0,0,0,0,0
2026-01-02T10:08:10,MSFT,REJECTED,NO_SIGNAL,NONE,"No confirmed momentum setup",239.412,0,0,0,0,0
2026-01-02T10:08:20,MSFT,REJECTED,NO_SIGNAL,NONE,"No confirmed momentum setup",239.451,0,0,0,0,0
2026-01-02T10:08:30,MSFT,REJECTED,NO_SIGNAL,NONE,"No confirmed momentum setup",239.461,0,0,0,0,0
2026-01-02T10:08:40,MSFT,REJECTED,NO_SIGNAL,NONE,"No confirmed momentum setup",239.442,0,0,0,0,0
2026-01-02T10:08:50,MSFT,REJECTED,NO_SIGNAL,NONE,"No confirmed momentum setup",239.365,0,0,0,0,0
2026-01-02T10:09:00,MSFT,REJECTED,NO_SIGNAL,NONE,"No confirmed momentum setup",239.452,0,0,0,0,0
2026-01-02T10:09:10,MSFT,REJECTED,NO_SIGNAL,NONE,"No confirmed momentum setup",239.547,0,0,0,0,0
2026-01-02T10:09:20,MSFT,REJECTED,NO_SIGNAL,NONE,"No confirmed momentum setup",239.58,0,0,0,0,0
2026-01-02T10:09:30,MSFT,REJECTED,NO_SIGNAL,NONE,"No confirmed momentum setup",239.567,0,0,0,0,0
2026-01-02T10:09:40,MSFT,REJECTED,NO_SIGNAL,NONE,"No confirmed momentum setup",239.556,0,0,0,0,0
2026-01-02T10:09:50,MSFT,REJECTED,NO_SIGNAL,NONE,"No confirmed momentum setup",239.563,0,0,0,0,0
2026-01-02T10:10:00,MSFT,REJECTED,NO_SIGNAL,NONE,"No confirmed momentum setup",239.572,0,0,0,0,0
2026-01-02T10:10:10,MSFT,REJECTED,NO_SIGNAL,NONE,"No confirmed momentum setup",239.577,0,0,0,0,0
2026-01-02T10:10:20,MSFT,REJECTED,NO_SIGNAL,NONE,"No confirmed momentum setup",239.62,0,0,0,0,0
2026-01-02T10:10:30,MSFT,REJECTED,NO_SIGNAL,NONE,"No confirmed momentum setup",239.599,0,0,0,0,0
2026-01-02T10:10:40,MSFT,REJECTED,NO_SIGNAL,NONE,"No confirmed momentum setup",239.564,0,0,0,0,0
2026-01-02T10:10:50,MSFT,REJECTED,NO_SIGNAL,NONE,"No confirmed momentum setup",239.531,0,0,0,0,0
2026-01-02T10:11:00,MSFT,REJECTED,NO_SIGNAL,NONE,"No confirmed momentum setup",239.523,0,0,0,0,0
2026-01-02T10:11:10,MSFT,REJECTED,NO_SIGNAL,NONE,"No confirmed momentum setup",239.518,0,0,0,0,0
2026-01-02T10:11:20,MSFT,REJECTED,NO_SIGNAL,NONE,"No confirmed momentum setup",239.529,0,0,0,0,0
2026-01-02T10:11:30,MSFT,REJECTED,NO_SIGNAL,NONE,"No confirmed momentum setup",239.517,0,0,0,0,0
2026-01-02T09:30:00,NVDA,ACCEPTED,TRADE_ACCEPTED,LONG,"Accepted: Bullish momentum with MA, volume, and volatility confirmation",480.018,477.138,483.858,5,14.4005,2400.09
2026-01-02T09:30:10,NVDA,REJECTED,SYMBOL_EXPOSURE_LIMIT,LONG,"Rejected: symbol exposure limit exceeded",480.097,0,0,0,0,0
2026-01-02T09:30:20,NVDA,REJECTED,NO_SIGNAL,NONE,"No confirmed momentum setup",480.136,0,0,0,0,0
2026-01-02T09:30:30,NVDA,REJECTED,NO_SIGNAL,NONE,"No confirmed momentum setup",480.051,0,0,0,0,0
2026-01-02T09:30:40,NVDA,REJECTED,NO_SIGNAL,NONE,"No confirmed momentum setup",480.095,0,0,0,0,0
2026-01-02T09:30:50,NVDA,REJECTED,NO_SIGNAL,NONE,"No confirmed momentum setup",480.215,0,0,0,0,0
2026-01-02T09:31:00,NVDA,REJECTED,NO_SIGNAL,NONE,"No confirmed momentum setup",480.195,0,0,0,0,0
2026-01-02T09:31:10,NVDA,REJECTED,NO_SIGNAL,NONE,"No confirmed momentum setup",480.198,0,0,0,0,0
2026-01-02T09:31:20,NVDA,REJECTED,NO_SIGNAL,NONE,"No confirmed momentum setup",480.248,0,0,0,0,0
2026-01-02T09:31:30,NVDA,REJECTED,NO_SIGNAL,NONE,"No confirmed momentum setup",480.247,0,0,0,0,0
2026-01-02T09:31:40,NVDA,REJECTED,NO_SIGNAL,NONE,"No confirmed momentum setup",480.292,0,0,0,0,0
2026-01-02T09:31:50,NVDA,REJECTED,NO_SIGNAL,NONE,"No confirmed momentum setup",480.25,0,0,0,0,0
2026-01-02T09:32:00,NVDA,REJECTED,NO_SIGNAL,NONE,"No confirmed momentum setup",480.266,0,0,0,0,0
2026-01-02T09:32:10,NVDA,REJECTED,NO_SIGNAL,NONE,"No confirmed momentum setup",480.058,0,0,0,0,0
2026-01-02T09:32:20,NVDA,REJECTED,NO_SIGNAL,NONE,"No confirmed momentum setup",480.102,0,0,0,0,0
2026-01-02T09:32:30,NVDA,REJECTED,NO_SIGNAL,NONE,"No confirmed momentum setup",479.954,0,0,0,0,0
2026-01-02T09:32:40,NVDA,REJECTED,NO_SIGNAL,NONE,"No confirmed momentum setup",480.103,0,0,0,0,0
2026-01-02T09:32:50,NVDA,REJECTED,NO_SIGNAL,NONE,"No confirmed momentum setup",480.128,0,0,0,0,0
2026-01-02T09:33:00,NVDA,REJECTED,NO_SIGNAL,NONE,"No confirmed momentum setup",480.211,0,0,0,0,0
2026-01-02T09:33:10,NVDA,REJECTED,NO_SIGNAL,NONE,"No confirmed momentum setup",480.315,0,0,0,0,0
2026-01-02T09:33:20,NVDA,REJECTED,NO_SIGNAL,NONE,"No confirmed momentum setup",480.274,0,0,0,0,0
2026-01-02T09:33:30,NVDA,REJECTED,NO_SIGNAL,NONE,"No confirmed momentum setup",480.216,0,0,0,0,0
2026-01-02T09:33:40,NVDA,REJECTED,NO_SIGNAL,NONE,"No confirmed momentum setup",480.242,0,0,0,0,0
2026-01-02T09:33:50,NVDA,REJECTED,NO_SIGNAL,NONE,"No confirmed momentum setup",480.119,0,0,0,0,0
2026-01-02T09:34:00,NVDA,REJECTED,NO_SIGNAL,NONE,"No confirmed momentum setup",480.011,0,0,0,0,0
2026-01-02T09:34:10,NVDA,REJECTED,NO_SIGNAL,NONE,"No confirmed momentum setup",479.906,0,0,0,0,0
2026-01-02T09:34:20,NVDA,REJECTED,NO_SIGNAL,NONE,"No confirmed momentum setup",479.885,0,0,0,0,0
2026-01-02T09:34:30,NVDA,REJECTED,NO_SIGNAL,NONE,"No confirmed momentum setup",479.841,0,0,0,0,0
2026-01-02T09:34:40,NVDA,REJECTED,NO_SIGNAL,NONE,"No confirmed momentum setup",479.815,0,0,0,0,0
2026-01-02T09:34:50,NVDA,REJECTED,NO_SIGNAL,NONE,"No confirmed momentum setup",479.838,0,0,0,0,0
2026-01-02T09:35:00,NVDA,REJECTED,NO_SIGNAL,NONE,"No confirmed momentum setup",479.899,0,0,0,0,0
2026-01-02T09:35:10,NVDA,REJECTED,NO_SIGNAL,NONE,"No confirmed momentum setup",479.96,0,0,0,0,0
2026-01-02T09:35:20,NVDA,REJECTED,NO_SIGNAL,NONE,"No confirmed momentum setup",479.993,0,0,0,0,0
2026-01-02T09:35:30,NVDA,REJECTED,NO_SIGNAL,NONE,"No confirmed momentum setup",479.872,0,0,0,0,0
2026-01-02T09:35:40,NVDA,REJECTED,NO_SIGNAL,NONE,"No confirmed momentum setup",479.8,0,0,0,0,0
2026-01-02T09:35:50,NVDA,REJECTED,NO_SIGNAL,NONE,"No confirmed momentum setup",479.745,0,0,0,0,0
2026-01-02T09:36:00,NVDA,REJECTED,NO_SIGNAL,NONE,"No confirmed momentum setup",479.812,0,0,0,0,0
2026-01-02T09:36:10,NVDA,REJECTED,NO_SIGNAL,NONE,"No confirmed momentum setup",479.852,0,0,0,0,0
2026-01-02T09:36:20,NVDA,REJECTED,NO_SIGNAL,NONE,"No confirmed momentum setup",479.769,0,0,0,0,0
2026-01-02T09:36:30,NVDA,REJECTED,NO_SIGNAL,NONE,"No confirmed momentum setup",479.607,0,0,0,0,0
2026-01-02T09:36:40,NVDA,REJECTED,NO_SIGNAL,NONE,"No confirmed momentum setup",479.616,0,0,0,0,0
2026-01-02T09:36:50,NVDA,REJECTED,NO_SIGNAL,NONE,"No confirmed momentum setup",479.583,0,0,0,0,0
2026-01-02T09:37:00,NVDA,REJECTED,NO_SIGNAL,NONE,"No confirmed momentum setup",479.489,0,0,0,0,0
2026-01-02T09:37:10,NVDA,REJECTED,NO_SIGNAL,NONE,"No confirmed momentum setup",479.529,0,0,0,0,0
2026-01-02T09:37:20,NVDA,REJECTED,NO_SIGNAL,NONE,"No confirmed momentum setup",479.389,0,0,0,0,0
2026-01-02T09:37:30,NVDA,REJECTED,NO_SIGNAL,NONE,"No confirmed momentum setup",479.374,0,0,0,0,0
2026-01-02T09:37:40,NVDA,REJECTED,NO_SIGNAL,NONE,"No confirmed momentum setup",479.37,0,0,0,0,0
2026-01-02T09:37:50,NVDA,REJECTED,NO_SIGNAL,NONE,"No confirmed momentum setup",479.413,0,0,0,0,0
2026-01-02T09:38:00,NVDA,REJECTED,NO_SIGNAL,NONE,"No confirmed momentum setup",479.638,0,0,0,0,0
2026-01-02T09:38:10,NVDA,REJECTED,NO_SIGNAL,NONE,"No confirmed momentum setup",479.752,0,0,0,0,0
2026-01-02T09:38:20,NVDA,REJECTED,NO_SIGNAL,NONE,"No confirmed momentum setup",479.79,0,0,0,0,0
2026-01-02T09:38:30,NVDA,REJECTED,NO_SIGNAL,NONE,"No confirmed momentum setup",479.587,0,0,0,0,0
2026-01-02T09:38:40,NVDA,REJECTED,NO_SIGNAL,NONE,"No confirmed momentum setup",479.557,0,0,0,0,0
2026-01-02T09:38:50,NVDA,REJECTED,NO_SIGNAL,NONE,"No confirmed momentum setup",479.543,0,0,0,0,0
2026-01-02T09:39:00,NVDA,REJECTED,NO_SIGNAL,NONE,"No confirmed momentum setup",479.669,0,0,0,0,0
2026-01-02T09:39:10,NVDA,REJECTED,NO_SIGNAL,NONE,"No confirmed momentum setup",479.629,0,0,0,0,0
2026-01-02T09:39:20,NVDA,REJECTED,NO_SIGNAL,NONE,"No confirmed momentum setup",479.723,0,0,0,0,0
2026-01-02T09:39:30,NVDA,REJECTED,NO_SIGNAL,NONE,"No confirmed momentum setup",479.705,0,0,0,0,0
2026-01-02T09:39:40,NVDA,REJECTED,NO_SIGNAL,NONE,"No confirmed momentum setup",479.621,0,0,0,0,0
2026-01-02T09:39:50,NVDA,REJECTED,NO_SIGNAL,NONE,"No confirmed momentum setup",479.547,0,0,0,0,0
2026-01-02T09:40:00,NVDA,REJECTED,NO_SIGNAL,NONE,"No confirmed momentum setup",479.543,0,0,0,0,0
2026-01-02T09:40:10,NVDA,REJECTED,NO_SIGNAL,NONE,"No confirmed momentum setup",479.569,0,0,0,0,0
2026-01-02T09:40:20,NVDA,REJECTED,NO_SIGNAL,NONE,"No confirmed momentum setup",479.591,0,0,0,0,0
2026-01-02T09:40:30,NVDA,REJECTED,NO_SIGNAL,NONE,"No confirmed momentum setup",479.627,0,0,0,0,0
2026-01-02T09:40:40,NVDA,REJECTED,NO_SIGNAL,NONE,"No confirmed momentum setup",479.646,0,0,0,0,0
2026-01-02T09:40:50,NVDA,REJECTED,NO_SIGNAL,NONE,"No confirmed momentum setup",479.641,0,0,0,0,0
2026-01-02T09:41:00,NVDA,REJECTED,NO_SIGNAL,NONE,"No confirmed momentum setup",479.675,0,0,0,0,0
2026-01-02T09:41:10,NVDA,REJECTED,NO_SIGNAL,NONE,"No confirmed momentum setup",479.599,0,0,0,0,0
2026-01-02T09:41:20,NVDA,REJECTED,NO_SIGNAL,NONE,"No confirmed momentum setup",479.62,0,0,0,0,0
2026-01-02T09:41:30,NVDA,REJECTED,NO_SIGNAL,NONE,"No confirmed momentum setup",479.565,0,0,0,0,0
2026-01-02T09:41:40,NVDA,REJECTED,NO_SIGNAL,NONE,"No confirmed momentum setup",479.562,0,0,0,0,0
2026-01-02T09:41:50,NVDA,REJECTED,NO_SIGNAL,NONE,"No confirmed momentum setup",479.48,0,0,0,0,0
2026-01-02T09:42:00,NVDA,REJECTED,NO_SIGNAL,NONE,"No confirmed momentum setup",479.408,0,0,0,0,0
2026-01-02T09:42:10,NVDA,REJECTED,NO_SIGNAL,NONE,"No confirmed momentum setup",479.319,0,0,0,0,0
2026-01-02T09:42:20,NVDA,REJECTED,NO_SIGNAL,NONE,"No confirmed momentum setup",479.324,0,0,0,0,0
2026-01-02T09:42:30,NVDA,REJECTED,NO_SIGNAL,NONE,"No confirmed momentum setup",479.247,0,0,0,0,0
2026-01-02T09:42:40,NVDA,REJECTED,NO_SIGNAL,NONE,"No confirmed momentum setup",479.116,0,0,0,0,0
2026-01-02T09:42:50,NVDA,REJECTED,NO_SIGNAL,NONE,"No confirmed momentum setup",479.043,0,0,0,0,0
2026-01-02T09:43:00,NVDA,REJECTED,NO_SIGNAL,NONE,"No confirmed momentum setup",479.066,0,0,0,0,0
2026-01-02T09:43:10,NVDA,REJECTED,NO_SIGNAL,NONE,"No confirmed momentum setup",479.108,0,0,0,0,0
2026-01-02T09:43:20,NVDA,REJECTED,NO_SIGNAL,NONE,"No confirmed momentum setup",479.085,0,0,0,0,0
2026-01-02T09:43:30,NVDA,REJECTED,NO_SIGNAL,NONE,"No confirmed momentum setup",478.997,0,0,0,0,0
2026-01-02T09:43:40,NVDA,REJECTED,NO_SIGNAL,NONE,"No confirmed momentum setup",478.94,0,0,0,0,0
2026-01-02T09:43:50,NVDA,REJECTED,NO_SIGNAL,NONE,"No confirmed momentum setup",478.918,0,0,0,0,0
2026-01-02T09:44:00,NVDA,REJECTED,NO_SIGNAL,NONE,"No confirmed momentum setup",478.902,0,0,0,0,0
2026-01-02T09:44:10,NVDA,REJECTED,NO_SIGNAL,NONE,"No confirmed momentum setup",478.898,0,0,0,0,0
2026-01-02T09:44:20,NVDA,REJECTED,NO_SIGNAL,NONE,"No confirmed momentum setup",478.81,0,0,0,0,0
2026-01-02T09:44:30,NVDA,REJECTED,NO_SIGNAL,NONE,"No confirmed momentum setup",478.865,0,0,0,0,0
2026-01-02T09:44:40,NVDA,REJECTED,NO_SIGNAL,NONE,"No confirmed momentum setup",478.988,0,0,0,0,0
2026-01-02T09:44:50,NVDA,REJECTED,NO_SIGNAL,NONE,"No confirmed momentum setup",478.997,0,0,0,0,0
2026-01-02T09:45:00,NVDA,REJECTED,NO_SIGNAL,NONE,"No confirmed momentum setup",479.055,0,0,0,0,0
2026-01-02T09:45:10,NVDA,REJECTED,NO_SIGNAL,NONE,"No confirmed momentum setup",479.017,0,0,0,0,0
2026-01-02T09:45:20,NVDA,REJECTED,NO_SIGNAL,NONE,"No confirmed momentum setup",478.999,0,0,0,0,0
2026-01-02T09:45:30,NVDA,REJECTED,NO_SIGNAL,NONE,"No confirmed momentum setup",479.034,0,0,0,0,0
2026-01-02T09:45:40,NVDA,REJECTED,NO_SIGNAL,NONE,"No confirmed momentum setup",479.098,0,0,0,0,0
2026-01-02T09:45:50,NVDA,REJECTED,NO_SIGNAL,NONE,"No confirmed momentum setup",479.106,0,0,0,0,0
2026-01-02T09:46:00,NVDA,REJECTED,NO_SIGNAL,NONE,"No confirmed momentum setup",479.168,0,0,0,0,0
2026-01-02T09:46:10,NVDA,REJECTED,NO_SIGNAL,NONE,"No confirmed momentum setup",479.186,0,0,0,0,0
2026-01-02T09:46:20,NVDA,REJECTED,NO_SIGNAL,NONE,"No confirmed momentum setup",479.13,0,0,0,0,0
2026-01-02T09:46:30,NVDA,REJECTED,NO_SIGNAL,NONE,"No confirmed momentum setup",479.13,0,0,0,0,0
2026-01-02T09:46:40,NVDA,REJECTED,NO_SIGNAL,NONE,"No confirmed momentum setup",479.129,0,0,0,0,0
2026-01-02T09:46:50,NVDA,REJECTED,NO_SIGNAL,NONE,"No confirmed momentum setup",479.195,0,0,0,0,0
2026-01-02T09:47:00,NVDA,REJECTED,NO_SIGNAL,NONE,"No confirmed momentum setup",479.084,0,0,0,0,0
2026-01-02T09:47:10,NVDA,REJECTED,NO_SIGNAL,NONE,"No confirmed momentum setup",479.077,0,0,0,0,0
2026-01-02T09:47:20,NVDA,REJECTED,NO_SIGNAL,NONE,"No confirmed momentum setup",479.123,0,0,0,0,0
2026-01-02T09:47:30,NVDA,REJECTED,NO_SIGNAL,NONE,"No confirmed momentum setup",479.192,0,0,0,0,0
2026-01-02T09:47:40,NVDA,REJECTED,NO_SIGNAL,NONE,"No confirmed momentum setup",479.161,0,0,0,0,0
2026-01-02T09:47:50,NVDA,REJECTED,NO_SIGNAL,NONE,"No confirmed momentum setup",479.198,0,0,0,0,0
2026-01-02T09:48:00,NVDA,REJECTED,NO_SIGNAL,NONE,"No confirmed momentum setup",479.167,0,0,0,0,0
2026-01-02T09:48:10,NVDA,REJECTED,NO_SIGNAL,NONE,"No confirmed momentum setup",479.134,0,0,0,0,0
2026-01-02T09:48:20,NVDA,REJECTED,NO_SIGNAL,NONE,"No confirmed momentum setup",479.272,0,0,0,0,0
2026-01-02T09:48:30,NVDA,REJECTED,NO_SIGNAL,NONE,"No confirmed momentum setup",479.242,0,0,0,0,0
2026-01-02T09:48:40,NVDA,REJECTED,NO_SIGNAL,NONE,"No confirmed momentum setup",479.189,0,0,0,0,0
2026-01-02T09:48:50,NVDA,REJECTED,NO_SIGNAL,NONE,"No confirmed momentum setup",479.086,0,0,0,0,0
2026-01-02T09:49:00,NVDA,REJECTED,NO_SIGNAL,NONE,"No confirmed momentum setup",479.141,0,0,0,0,0
2026-01-02T09:49:10,NVDA,REJECTED,NO_SIGNAL,NONE,"No confirmed momentum setup",479.152,0,0,0,0,0
2026-01-02T09:49:20,NVDA,REJECTED,NO_SIGNAL,NONE,"No confirmed momentum setup",479.12,0,0,0,0,0
2026-01-02T09:49:30,NVDA,REJECTED,NO_SIGNAL,NONE,"No confirmed momentum setup",479.041,0,0,0,0,0
2026-01-02T09:49:40,NVDA,REJECTED,NO_SIGNAL,NONE,"No confirmed momentum setup",479.061,0,0,0,0,0
2026-01-02T09:49:50,NVDA,REJECTED,NO_SIGNAL,NONE,"No confirmed momentum setup",479.06,0,0,0,0,0
2026-01-02T09:50:00,NVDA,REJECTED,NO_SIGNAL,NONE,"No confirmed momentum setup",478.993,0,0,0,0,0
2026-01-02T09:50:10,NVDA,REJECTED,NO_SIGNAL,NONE,"No confirmed momentum setup",479,0,0,0,0,0
2026-01-02T09:50:20,NVDA,REJECTED,NO_SIGNAL,NONE,"No confirmed momentum setup",478.944,0,0,0,0,0
2026-01-02T09:50:30,NVDA,REJECTED,NO_SIGNAL,NONE,"No confirmed momentum setup",478.917,0,0,0,0,0
2026-01-02T09:50:40,NVDA,REJECTED,NO_SIGNAL,NONE,"No confirmed momentum setup",478.945,0,0,0,0,0
2026-01-02T09:50:50,NVDA,REJECTED,NO_SIGNAL,NONE,"No confirmed momentum setup",478.947,0,0,0,0,0
2026-01-02T09:51:00,NVDA,REJECTED,NO_SIGNAL,NONE,"No confirmed momentum setup",478.942,0,0,0,0,0
2026-01-02T09:51:10,NVDA,REJECTED,NO_SIGNAL,NONE,"No confirmed momentum setup",478.77,0,0,0,0,0
2026-01-02T09:51:20,NVDA,REJECTED,NO_SIGNAL,NONE,"No confirmed momentum setup",478.77,0,0,0,0,0
2026-01-02T09:51:30,NVDA,REJECTED,NO_SIGNAL,NONE,"No confirmed momentum setup",478.713,0,0,0,0,0
2026-01-02T09:51:40,NVDA,REJECTED,NO_SIGNAL,NONE,"No confirmed momentum setup",478.659,0,0,0,0,0
2026-01-02T09:51:50,NVDA,REJECTED,NO_SIGNAL,NONE,"No confirmed momentum setup",478.591,0,0,0,0,0
2026-01-02T09:52:00,NVDA,REJECTED,NO_SIGNAL,NONE,"No confirmed momentum setup",478.404,0,0,0,0,0
2026-01-02T09:52:10,NVDA,REJECTED,NO_SIGNAL,NONE,"No confirmed momentum setup",478.44,0,0,0,0,0
2026-01-02T09:52:20,NVDA,REJECTED,NO_SIGNAL,NONE,"No confirmed momentum setup",478.564,0,0,0,0,0
2026-01-02T09:52:30,NVDA,REJECTED,NO_SIGNAL,NONE,"No confirmed momentum setup",478.557,0,0,0,0,0
2026-01-02T09:52:40,NVDA,REJECTED,NO_SIGNAL,NONE,"No confirmed momentum setup",478.543,0,0,0,0,0
2026-01-02T09:52:50,NVDA,REJECTED,NO_SIGNAL,NONE,"No confirmed momentum setup",478.641,0,0,0,0,0
2026-01-02T09:53:00,NVDA,REJECTED,NO_SIGNAL,NONE,"No confirmed momentum setup",478.661,0,0,0,0,0
2026-01-02T09:53:10,NVDA,REJECTED,NO_SIGNAL,NONE,"No confirmed momentum setup",478.758,0,0,0,0,0
2026-01-02T09:53:20,NVDA,REJECTED,NO_SIGNAL,NONE,"No confirmed momentum setup",478.712,0,0,0,0,0
2026-01-02T09:53:30,NVDA,REJECTED,NO_SIGNAL,NONE,"No confirmed momentum setup",478.74,0,0,0,0,0
2026-01-02T09:53:40,NVDA,REJECTED,NO_SIGNAL,NONE,"No confirmed momentum setup",478.695,0,0,0,0,0
2026-01-02T09:53:50,NVDA,REJECTED,NO_SIGNAL,NONE,"No confirmed momentum setup",478.703,0,0,0,0,0
2026-01-02T09:54:00,NVDA,REJECTED,NO_SIGNAL,NONE,"No confirmed momentum setup",478.733,0,0,0,0,0
2026-01-02T09:54:10,NVDA,REJECTED,NO_SIGNAL,NONE,"No confirmed momentum setup",478.74,0,0,0,0,0
2026-01-02T09:54:20,NVDA,REJECTED,NO_SIGNAL,NONE,"No confirmed momentum setup",478.884,0,0,0,0,0
2026-01-02T09:54:30,NVDA,REJECTED,NO_SIGNAL,NONE,"No confirmed momentum setup",478.675,0,0,0,0,0
2026-01-02T09:54:40,NVDA,REJECTED,NO_SIGNAL,NONE,"No confirmed momentum setup",478.688,0,0,0,0,0
2026-01-02T09:54:50,NVDA,REJECTED,NO_SIGNAL,NONE,"No confirmed momentum setup",478.746,0,0,0,0,0
2026-01-02T09:55:00,NVDA,REJECTED,NO_SIGNAL,NONE,"No confirmed momentum setup",478.747,0,0,0,0,0
2026-01-02T09:55:10,NVDA,REJECTED,NO_SIGNAL,NONE,"No confirmed momentum setup",478.805,0,0,0,0,0
2026-01-02T09:55:20,NVDA,REJECTED,NO_SIGNAL,NONE,"No confirmed momentum setup",478.728,0,0,0,0,0
2026-01-02T09:55:30,NVDA,REJECTED,NO_SIGNAL,NONE,"No confirmed momentum setup",478.708,0,0,0,0,0
2026-01-02T09:55:40,NVDA,REJECTED,NO_SIGNAL,NONE,"No confirmed momentum setup",478.765,0,0,0,0,0
2026-01-02T09:55:50,NVDA,REJECTED,NO_SIGNAL,NONE,"No confirmed momentum setup",478.736,0,0,0,0,0
2026-01-02T09:56:00,NVDA,REJECTED,NO_SIGNAL,NONE,"No confirmed momentum setup",478.614,0,0,0,0,0
2026-01-02T09:56:10,NVDA,REJECTED,NO_SIGNAL,NONE,"No confirmed momentum setup",478.612,0,0,0,0,0
2026-01-02T09:56:20,NVDA,REJECTED,NO_SIGNAL,NONE,"No confirmed momentum setup",478.729,0,0,0,0,0
2026-01-02T09:56:30,NVDA,REJECTED,NO_SIGNAL,NONE,"No confirmed momentum setup",478.709,0,0,0,0,0
2026-01-02T09:56:40,NVDA,REJECTED,NO_SIGNAL,NONE,"No confirmed momentum setup",478.696,0,0,0,0,0
2026-01-02T09:56:50,NVDA,REJECTED,NO_SIGNAL,NONE,"No confirmed momentum setup",478.604,0,0,0,0,0
2026-01-02T09:57:00,NVDA,REJECTED,NO_SIGNAL,NONE,"No confirmed momentum setup",478.476,0,0,0,0,0
2026-01-02T09:57:10,NVDA,REJECTED,NO_SIGNAL,NONE,"No confirmed momentum setup",478.498,0,0,0,0,0
2026-01-02T09:57:20,NVDA,REJECTED,NO_SIGNAL,NONE,"No confirmed momentum setup",478.614,0,0,0,0,0
2026-01-02T09:57:30,NVDA,REJECTED,NO_SIGNAL,NONE,"No confirmed momentum setup",478.501,0,0,0,0,0
2026-01-02T09:57:40,NVDA,REJECTED,NO_SIGNAL,NONE,"No confirmed momentum setup",478.505,0,0,0,0,0
2026-01-02T09:57:50,NVDA,REJECTED,NO_SIGNAL,NONE,"No confirmed momentum setup",478.53,0,0,0,0,0
2026-01-02T09:58:00,NVDA,REJECTED,NO_SIGNAL,NONE,"No confirmed momentum setup",478.54,0,0,0,0,0
2026-01-02T09:58:10,NVDA,REJECTED,NO_SIGNAL,NONE,"No confirmed momentum setup",478.683,0,0,0,0,0
2026-01-02T09:58:20,NVDA,REJECTED,NO_SIGNAL,NONE,"No confirmed momentum setup",478.58,0,0,0,0,0
2026-01-02T09:58:30,NVDA,REJECTED,NO_SIGNAL,NONE,"No confirmed momentum setup",478.716,0,0,0,0,0
2026-01-02T09:58:40,NVDA,REJECTED,NO_SIGNAL,NONE,"No confirmed momentum setup",478.608,0,0,0,0,0
2026-01-02T09:58:50,NVDA,REJECTED,NO_SIGNAL,NONE,"No confirmed momentum setup",478.617,0,0,0,0,0
2026-01-02T09:59:00,NVDA,REJECTED,NO_SIGNAL,NONE,"No confirmed momentum setup",478.613,0,0,0,0,0
2026-01-02T09:59:10,NVDA,REJECTED,NO_SIGNAL,NONE,"No confirmed momentum setup",478.62,0,0,0,0,0
2026-01-02T09:59:20,NVDA,REJECTED,NO_SIGNAL,NONE,"No confirmed momentum setup",478.68,0,0,0,0,0
2026-01-02T09:59:30,NVDA,REJECTED,NO_SIGNAL,NONE,"No confirmed momentum setup",478.721,0,0,0,0,0
2026-01-02T09:59:40,NVDA,REJECTED,NO_SIGNAL,NONE,"No confirmed momentum setup",478.758,0,0,0,0,0
2026-01-02T09:59:50,NVDA,REJECTED,NO_SIGNAL,NONE,"No confirmed momentum setup",478.951,0,0,0,0,0
2026-01-02T10:00:00,NVDA,REJECTED,NO_SIGNAL,NONE,"No confirmed momentum setup",479.002,0,0,0,0,0
2026-01-02T10:00:10,NVDA,REJECTED,NO_SIGNAL,NONE,"No confirmed momentum setup",478.96,0,0,0,0,0
2026-01-02T10:00:20,NVDA,REJECTED,NO_SIGNAL,NONE,"No confirmed momentum setup",479.051,0,0,0,0,0
2026-01-02T10:00:30,NVDA,REJECTED,NO_SIGNAL,NONE,"No confirmed momentum setup",479.009,0,0,0,0,0
2026-01-02T10:00:40,NVDA,REJECTED,NO_SIGNAL,NONE,"No confirmed momentum setup",478.976,0,0,0,0,0
2026-01-02T10:00:50,NVDA,REJECTED,NO_SIGNAL,NONE,"No confirmed momentum setup",478.942,0,0,0,0,0
2026-01-02T10:01:00,NVDA,REJECTED,NO_SIGNAL,NONE,"No confirmed momentum setup",478.972,0,0,0,0,0
2026-01-02T10:01:10,NVDA,REJECTED,NO_SIGNAL,NONE,"No confirmed momentum setup",478.882,0,0,0,0,0
2026-01-02T10:01:20,NVDA,REJECTED,NO_SIGNAL,NONE,"No confirmed momentum setup",478.797,0,0,0,0,0
2026-01-02T10:01:30,NVDA,REJECTED,NO_SIGNAL,NONE,"No confirmed momentum setup",478.722,0,0,0,0,0
2026-01-02T10:01:40,NVDA,REJECTED,NO_SIGNAL,NONE,"No confirmed momentum setup",478.57,0,0,0,0,0
2026-01-02T10:01:50,NVDA,REJECTED,NO_SIGNAL,NONE,"No confirmed momentum setup",478.491,0,0,0,0,0
2026-01-02T10:02:00,NVDA,REJECTED,NO_SIGNAL,NONE,"No confirmed momentum setup",478.427,0,0,0,0,0
2026-01-02T10:02:10,NVDA,REJECTED,NO_SIGNAL,NONE,"No confirmed momentum setup",478.447,0,0,0,0,0
2026-01-02T10:02:20,NVDA,REJECTED,NO_SIGNAL,NONE,"No confirmed momentum setup",478.471,0,0,0,0,0
2026-01-02T10:02:30,NVDA,REJECTED,NO_SIGNAL,NONE,"No confirmed momentum setup",478.639,0,0,0,0,0
2026-01-02T10:02:40,NVDA,REJECTED,NO_SIGNAL,NONE,"No confirmed momentum setup",478.61,0,0,0,0,0
2026-01-02T10:02:50,NVDA,REJECTED,NO_SIGNAL,NONE,"No confirmed momentum setup",478.616,0,0,0,0,0
2026-01-02T10:03:00,NVDA,REJECTED,NO_SIGNAL,NONE,"No confirmed momentum setup",478.538,0,0,0,0,0
2026-01-02T10:03:10,NVDA,REJECTED,NO_SIGNAL,NONE,"No confirmed momentum setup",478.584,0,0,0,0,0
2026-01-02T10:03:20,NVDA,REJECTED,NO_SIGNAL,NONE,"No confirmed momentum setup",478.637,0,0,0,0,0
2026-01-02T10:03:30,NVDA,REJECTED,NO_SIGNAL,NONE,"No confirmed momentum setup",478.615,0,0,0,0,0
2026-01-02T10:03:40,NVDA,REJECTED,NO_SIGNAL,NONE,"No confirmed momentum setup",478.594,0,0,0,0,0
2026-01-02T10:03:50,NVDA,REJECTED,NO_SIGNAL,NONE,"No confirmed momentum setup",478.568,0,0,0,0,0
2026-01-02T10:04:00,NVDA,REJECTED,NO_SIGNAL,NONE,"No confirmed momentum setup",478.784,0,0,0,0,0
2026-01-02T10:04:10,NVDA,REJECTED,NO_SIGNAL,NONE,"No confirmed momentum setup",478.854,0,0,0,0,0
2026-01-02T10:04:20,NVDA,REJECTED,NO_SIGNAL,NONE,"No confirmed momentum setup",478.849,0,0,0,0,0
2026-01-02T10:04:30,NVDA,REJECTED,NO_SIGNAL,NONE,"No confirmed momentum setup",478.82,0,0,0,0,0
2026-01-02T10:04:40,NVDA,REJECTED,NO_SIGNAL,NONE,"No confirmed momentum setup",478.827,0,0,0,0,0
2026-01-02T10:04:50,NVDA,REJECTED,NO_SIGNAL,NONE,"No confirmed momentum setup",478.808,0,0,0,0,0
2026-01-02T10:05:00,NVDA,REJECTED,NO_SIGNAL,NONE,"No confirmed momentum setup",478.859,0,0,0,0,0
2026-01-02T10:05:10,NVDA,REJECTED,NO_SIGNAL,NONE,"No confirmed momentum setup",478.868,0,0,0,0,0
2026-01-02T10:05:20,NVDA,REJECTED,NO_SIGNAL,NONE,"No confirmed momentum setup",478.867,0,0,0,0,0
2026-01-02T10:05:30,NVDA,REJECTED,NO_SIGNAL,NONE,"No confirmed momentum setup",478.916,0,0,0,0,0
2026-01-02T10:05:40,NVDA,REJECTED,NO_SIGNAL,NONE,"No confirmed momentum setup",478.859,0,0,0,0,0
2026-01-02T10:05:50,NVDA,REJECTED,NO_SIGNAL,NONE,"No confirmed momentum setup",478.771,0,0,0,0,0
2026-01-02T10:06:00,NVDA,REJECTED,NO_SIGNAL,NONE,"No confirmed momentum setup",478.759,0,0,0,0,0
2026-01-02T10:06:10,NVDA,REJECTED,NO_SIGNAL,NONE,"No confirmed momentum setup",478.828,0,0,0,0,0
2026-01-02T10:06:20,NVDA,REJECTED,NO_SIGNAL,NONE,"No confirmed momentum setup",478.798,0,0,0,0,0
2026-01-02T10:06:30,NVDA,REJECTED,NO_SIGNAL,NONE,"No confirmed momentum setup",478.707,0,0,0,0,0
2026-01-02T10:06:40,NVDA,REJECTED,NO_SIGNAL,NONE,"No confirmed momentum setup",478.644,0,0,0,0,0
2026-01-02T10:06:50,NVDA,REJECTED,NO_SIGNAL,NONE,"No confirmed momentum setup",478.609,0,0,0,0,0
2026-01-02T10:07:00,NVDA,REJECTED,NO_SIGNAL,NONE,"No confirmed momentum setup",478.637,0,0,0,0,0
2026-01-02T10:07:10,NVDA,REJECTED,NO_SIGNAL,NONE,"No confirmed momentum setup",478.618,0,0,0,0,0
2026-01-02T10:07:20,NVDA,REJECTED,NO_SIGNAL,NONE,"No confirmed momentum setup",478.612,0,0,0,0,0
2026-01-02T10:07:30,NVDA,REJECTED,NO_SIGNAL,NONE,"No confirmed momentum setup",478.602,0,0,0,0,0
2026-01-02T10:07:40,NVDA,REJECTED,NO_SIGNAL,NONE,"No confirmed momentum setup",478.513,0,0,0,0,0
2026-01-02T10:07:50,NVDA,REJECTED,NO_SIGNAL,NONE,"No confirmed momentum setup",478.588,0,0,0,0,0
2026-01-02T10:08:00,NVDA,REJECTED,NO_SIGNAL,NONE,"No confirmed momentum setup",478.516,0,0,0,0,0
2026-01-02T10:08:10,NVDA,REJECTED,NO_SIGNAL,NONE,"No confirmed momentum setup",478.631,0,0,0,0,0
2026-01-02T10:08:20,NVDA,REJECTED,NO_SIGNAL,NONE,"No confirmed momentum setup",478.585,0,0,0,0,0
2026-01-02T10:08:30,NVDA,REJECTED,NO_SIGNAL,NONE,"No confirmed momentum setup",478.712,0,0,0,0,0
2026-01-02T10:08:40,NVDA,REJECTED,NO_SIGNAL,NONE,"No confirmed momentum setup",478.699,0,0,0,0,0
2026-01-02T10:08:50,NVDA,REJECTED,NO_SIGNAL,NONE,"No confirmed momentum setup",478.783,0,0,0,0,0
2026-01-02T10:09:00,NVDA,REJECTED,NO_SIGNAL,NONE,"No confirmed momentum setup",478.761,0,0,0,0,0
2026-01-02T10:09:10,NVDA,REJECTED,NO_SIGNAL,NONE,"No confirmed momentum setup",478.965,0,0,0,0,0
2026-01-02T10:09:20,NVDA,REJECTED,NO_SIGNAL,NONE,"No confirmed momentum setup",479.083,0,0,0,0,0
2026-01-02T10:09:30,NVDA,REJECTED,NO_SIGNAL,NONE,"No confirmed momentum setup",479.101,0,0,0,0,0
2026-01-02T10:09:40,NVDA,REJECTED,NO_SIGNAL,NONE,"No confirmed momentum setup",479.057,0,0,0,0,0
2026-01-02T10:09:50,NVDA,REJECTED,NO_SIGNAL,NONE,"No confirmed momentum setup",479.106,0,0,0,0,0
2026-01-02T10:10:00,NVDA,REJECTED,NO_SIGNAL,NONE,"No confirmed momentum setup",479.138,0,0,0,0,0
2026-01-02T10:10:10,NVDA,REJECTED,NO_SIGNAL,NONE,"No confirmed momentum setup",479.2,0,0,0,0,0
2026-01-02T10:10:20,NVDA,REJECTED,NO_SIGNAL,NONE,"No confirmed momentum setup",479.2,0,0,0,0,0
2026-01-02T10:10:30,NVDA,REJECTED,NO_SIGNAL,NONE,"No confirmed momentum setup",479.181,0,0,0,0,0
2026-01-02T10:10:40,NVDA,REJECTED,NO_SIGNAL,NONE,"No confirmed momentum setup",479.251,0,0,0,0,0
2026-01-02T10:10:50,NVDA,REJECTED,NO_SIGNAL,NONE,"No confirmed momentum setup",479.272,0,0,0,0,0
2026-01-02T10:11:00,NVDA,REJECTED,NO_SIGNAL,NONE,"No confirmed momentum setup",479.339,0,0,0,0,0
2026-01-02T10:11:10,NVDA,REJECTED,NO_SIGNAL,NONE,"No confirmed momentum setup",479.346,0,0,0,0,0
2026-01-02T10:11:20,NVDA,REJECTED,NO_SIGNAL,NONE,"No confirmed momentum setup",479.321,0,0,0,0,0
2026-01-02T10:11:30,NVDA,REJECTED,NO_SIGNAL,NONE,"No confirmed momentum setup",479.229,0,0,0,0,0
